alternate,6671
unicorns,5824
flying,3645
pink,3389
trump,3372
full,3359
house,3356
glittery,3355
white,3353
sky,3342
lives,3342
universe,3342
facts,3340
thru,3339
incrâ€¦,3332
#iheartawards,493
will,381
#twentyonepilots,381
#bestfanarmy,364
free,305
no,301
less,295
â€¦,293
obamacare,293
provide,293
replacement,293
trumps,293
cost,293
offer,293
canâ€¦,292
optionsand,292
so,187
#bestlyrics,184
not,179
rainbows,175
#heathens,171
#unicorns,164
go,154
love,154
im,139
us,125
ğŸ¦„,122
dont,117
few,109
substitute,105
competitive,105
innovative,103
university,102
economy,100
de,97
just,94
one,91
its,87
fairy,85
thank,84
real,84
3,83
dust,83
dragons,83
directs,79
sanders,79
why,78
2,77
exist,77
business,76
couldnt,74
voting,73
afford,73
explain,72
win,70
coverage,70
owner,69
employees,69
when,69
arenâ€¦,68
via,68
black,68
proud,68
ipos,65
crazy,65
taking,65
people,64
1,63
special,61
incredible,61
#bestmusicvideo,61
control,60
que,60
journey,60
roundhouse,60
#fangsfortâ€¦,60
kicks,59
â¤ï¸,59
think,59
se,57
e,56
vote,56
4,54
nÃ£o,52
â€”,52
believe,52
time,51
2017,51
#tech,51
really,51
dark,51
magic,50
delxi,50
click,49
prod,49
krazy,49
figz,49
#newmusic,49
eu,48
light,48
thats,48
unicorn,46
isnt,46
rt,46
rainbow,45
#unicorn,45
know,45
o,44
#onedbestfans,44
w,42
2016,42
#startup,42
live,42
new,42
#fivestarempire,41
la,41
want,41
|,40
survival,40
life,40
sandbox,39
mixes,38
need,38
cant,38
everyone,37
ceo,37
belt,37
theyre,37
group,36
u,36
news,35
good,35
market,35
#startups,35
earth,35
please,34
she,34
#songoftheyearâ€¦,34
em,33
top,33
true,33
tweet,33
10,33
person,32
day,32
#ipos,32
magical,31
youre,30
say,30
saw,30
nasdaqâ€™s,30
call,30
interview,29
best,29
q,29
bears,29
today,28
lol,28
na,28
find,28
teddy,28
Ã©,27
may,27
0,27
awesome,27
great,27
side,26
um,26
advice,26
sorry,26
plays,25
dholki,25
leader,25
shit,25
happy,25
doomsday,25
back,25
belives,25
â€˜paiâ€¦,25
doc,25
girl,24
ask,24
world,24
look,24
existence,24
even,24
fangirl,24
feel,24
mean,23
does,23
right,23
heart,23
always,23
#iheartcontest,23
things,23
next,23
art,23
digital,23
king,22
morning,22
pra,22
mais,22
made,22
party,22
women,22
thanks,21
bbc,21
#ipo,21
httâ€¦,21
company,21
wars,21
arent,21
tag,21
startup,21
check,21
little,21
blessing,21
off,21
com,21
talking,21
muito,21
Ğ¸,21
flat,21
ğŸ˜‚,21
stage,20
ãƒ¦ãƒ‹ã‚³ãƒ¼ãƒ³ã®æ­£ä½“ã¨ã‚‚è¨€ã‚ã‚Œã‚‹å…ˆå²æ™‚ä»£ã®ã‚µã‚¤ã€Œã‚¨ãƒ©ã‚¹ãƒ¢ãƒ†ãƒªã‚¦ãƒ ã€ãŒã€ç´„,20
para,20
Ñ,20
something,20
heatsup,20
#kcapinoystar,20
fav,20
pipeline,20
cars,20
ill,20
#nadinelustre,20
james,19
reported,19
content,19
oh,19
hub,19
â¤,19
sea,19
#nasdaqâ€™s,19
â€”a,19
taekwondo,19
beltâ€”you,19
seen,19
startups,19
Ğ½Ğµ,19
bible,19
bad,18
keep,18
horses,18
follow,18
going,18
mini,18
video,18
2010,18
later,18
translations,18
land,18
whys,18
kickstarter,18
fairies,18
electric,18
whats,18
birthday,17
tech,17
fluffy,17
sees,17
#business,17
night,17
23,17
hope,17
favorite,17
#vc,17
casually,17
doesnt,17
anything,17
red,16
greys,16
lets,16
perfect,16
set,16
thing,16
short,16
kelly,16
#therealoneals,16
birds,16
depicted,16
ancient,16
along,16
meu,16
cruz,16
os,16
phoenix,16
thought,15
hey,15
tÃ¡,15
someone,15
tomorrow,15
seja,15
sure,15
dream,15
ofâ€¦,15
astral,15
divination,15
illuminati,15
gods,15
hollow,15
n,15
tweets,15
issue,15
fuck,15
#devops,15
ice,15
bernie,15
bigfoot,15
list,15
lmao,15
god,15
far,14
actually,14
work,14
let,14
cause,14
valuations,14
salvar,14
beat,14
honesto,14
ground,14
gostar,14
friends,14
ğŸŒˆ,14
show,14
crochet,14
#lularoe,14
sneaks,14
brunches,14
science,14
old,14
prove,14
everything,14
hard,14
space,14
votar,14
||,14
ever,14
maybe,14
esse,14
â€¢,13
thinks,13
again,13
returns,13
makes,13
â™¡,13
Ğ´Ğ²Ğ°Ğ´Ñ†Ğ°Ñ‚ÑŒ,13
every,13
threw,13
billion,13
snowflakes,13
making,13
shop,13
kids,13
ğŸ’µ,13
found,13
fucking,13
projectioâ€¦,13
else,13
vou,13
game,13
put,13
shipping,13
mermaids,13
conservative,13
mas,13
elusive,13
#cnndebatenight,13
save,13
ass,12
simply,12
food,12
dads,12
da,12
though,12
cute,12
join,12
republicans,12
theres,12
spread,12
home,12
yeah,12
stop,12
common,12
man,12
quero,12
dois,12
#pwc,12
says,12
liberals,12
por,12
history,12
stamping,12
rate,12
un,12
creatures,11
song,11
fat,11
play,11
imagination,11
melting,11
#arctic,11
#narwhals,11
someday,11
â€“,11
place,11
figments,11
opposing,11
random,11
uma,11
beautiful,11
told,11
Ğ²,11
dancing,11
retweet,11
school,11
grown,11
aqui,11
Ñ‡Ñ‚Ğ¾,11
down,11
clique,11
first,11
round,11
vamos,11
bem,11
vai,11
beauty,11
better,11
dreams,11
girls,11
tem,11
word,11
#kpoppers,11
complain,11
anyone,11
mundo,11
poop,11
=,11
fantasy,11
forget,11
around,11
#etsy,11
loves,11
days,11
tweeting,11
guess,11
sex,11
wont,11
part,11
yo,11
#kissward,11
against,11
unicornssuperpans,11
lang,11
sem,11
todo,11
kapit,11
billionaires,11
alarming,11
te,10
isso,10
silicon,10
founders,10
#castles,10
opinionaâ€¦,10
basically,10
â €â €â €â €âŠ°,10
sÃ³,10
#skeletonclique,10
ive,10
obama,10
del,10
#fairytale,10
ê®rganic,10
family,10
á¼eliever,10
makeup,10
give,10
alive,10
ê­¼xperienced,10
ê®‡á´á´sá´‡,10
inspiring,10
s,10
okay,10
times,10
ê®¯odename,10
sunshine,10
liked,10
face,10
hâ€¦,10
obsessed,10
blockchain,10
Ğ½Ğ°,10
mil,10
yall,10
deserve,10
movie,10
âŠ±,10
essa,10
jÃ¡,10
hq,10
move,10
ê®¤ÉªÉ´á´„Êœá´‡sá´›á´‡Ê€,10
ê®ªá´€á´,10
last,10
yes,10
#university,10
14,10
living,10
gold,10
á¼anterâ€¦,10
dykes,10
unstable,10
care,10
ê®ªê®®s,10
namastes,10
#supportsmallbusiness,10
glimpse,10
ê­¼nthusiast,10
fun,10
fact,10
#bunting,10
#princess,10
yet,10
nothing,9
videos,9
dollar,9
longer,9
1872,9
en,9
featuring,9
votos,9
podemos,9
los,9
tell,9
start,9
wouldnt,9
Ñ,9
ok,9
#icouldnotbehappierif,9
own,9
power,9
#rainbow,9
como,9
votaÃ§Ã£o,9
pro,9
ready,9
dos,9
sense,9
looks,9
r,9
dior,9
read,9
wrong,9
latest,9
gonna,9
brown,9
ride,9
tyler,9
starts,9
pelo,9
amazing,9
point,9
el,9
mÃ¡s,9
hear,9
#lushsummit,9
vc,9
nem,9
product,9
saying,9
#girlsbedrâ€¦,9
countries,9
Ñ‚Ñ€Ğ¸Ğ´Ñ†Ğ°Ñ‚ÑŒ,9
fly,9
rare,9
enough,9
butterflies,9
bc,9
running,9
ÑĞ¾Ñ€Ğ¾Ğº,9
without,9
nada,8
end,8
Ğ²Ğ¾Ñ‚,8
twitter,8
#atlantaalive,8
wasnt,8
estamos,8
atÃ©,8
quem,8
plus,8
uniâ€™s,8
sign,8
amor,8
searching,8
attending,8
pq,8
leave,8
benefitted,8
week,8
horny,8
global,8
done,8
tho,8
heres,8
diferenÃ§a,8
ons,8
1bn,8
papers,8
permanent,8
bloomberg,8
plan,8
dickheaded,8
ser,8
stomach,8
half,8
#innovatorsrace50,8
killed,8
hes,8
centaurs,8
guy,8
comes,8
ur,8
near,8
battle,8
agora,8
gente,8
among,8
uniq,8
gorgeous,8
unicornsğŸ¦„,8
uses,8
lot,8
biz,8
sleep,8
baby,8
google,8
ğŸ™„,8
president,8
wonderful,8
foco,8
wish,8
anos,8
vcs,8
oval,8
youâ€¦,8
planet,8
whales,8
muâ€¦,8
sucks,8
difference,8
hereâ€™s,8
takes,8
run,8
started,7
guys,7
discussing,7
bush,7
6,7
7,7
innovation,7
puppies,7
idiot,7
throgh,7
melhor,7
foi,7
head,7
drugs,7
minha,7
mesmo,7
believes,7
40,7
review,7
tenho,7
tonights,7
shitty,7
stay,7
three,7
leyenda,7
pretty,7
repaso,7
trayectoria,7
d,7
ela,7
article,7
equipo,7
praying,7
carismÃ¡tico,7
producing,7
fear,7
instead,7
htâ€¦,7
#stressedout,7
sâ€¦,7
bombs,7
id,7
talk,7
mutirÃ£o,7
numbers,7
field,7
indian,7
bom,7
ya,7
rts,7
stuff,7
becomes,7
two,7
ã‚¢ãƒ¡ãƒªã‚«ãƒ³ãƒ•ãƒƒãƒˆãƒœãƒ¼ãƒ«å°‚é–€èªŒã€Œtouchdownã€å±•ãŒ325ã¾ã§æ—¥å‰ã®ãƒ¡ãƒ‡ã‚£ã‚¢ã‚»ãƒ³ã‚¿ãƒ¼ã§è¡Œã‚ã‚Œã¦ã„ã¾ã™ã€‚,7
nicknamed,7
narwhal,7
ã€touchdownå±•ã€‘,7
try,7
big,7
past,7
#iucn,7
deus,7
threatened,7
#opwhales,7
poor,7
1b,7
kill,7
donâ€™t,7
mythical,7
firme,7
name,7
glitter,7
law2steal,7
trees,7
amo,7
seguem,7
#comics,7
humans,7
miss,7
fÃ£s,7
nominated,7
coming,7
high,7
valley,7
censors,7
comeback,7
#unit2017,7
ones,7
hugs,7
band,7
lgbt,7
nos,7
zukaburg,7
meandering,7
acho,6
seu,6
france,6
mystical,6
stumble,6
sometimes,6
rhino,6
ğŸ˜€,6
therapist,6
conference,6
send,6
ver,6
horns,6
#woodcutwednesday,6
blood,6
getting,6
ne,6
al,6
lgbti,6
unique,6
kinda,6
importante,6
feels,6
parem,6
moment,6
attention,6
base,6
important,6
x,6
tudo,6
dead,6
mind,6
hang,6
#banff,6
arrived,6
young,6
honest,6
dm,6
cheese,6
sabog,6
hearts,6
desafio,6
buy,6
t,6
adena,6
others,6
#womaninbiz,6
friedman,6
tbh,6
mt,6
Ğ±Ñ‹Ğ»Ğ¾,6
appear,6
#art,6
hoje,6
finding,6
#colorourcollections,6
meus,6
æœˆåˆŠtouchdownã®å‰µåˆŠè€…ã§ã€unicornsã®obã§ã‚‚ã‚ã‚‹å¾Œè—¤å®Œå¤«æ§˜ã‚ˆã‚Šå‰µåˆŠå·ã‹ã‚‰ã®å…¨å·»ä¸€å¼ã€æ…¶æ‡‰ç¾©â€¦,6
idk,6
nossa,6
#Ñ‚Ğ¸Ñ…Ğ¸Ğ¹Ğ´Ğ¾Ğ¼,6
healthcare,6
fandom,6
Ñƒ,6
hell,6
Ğ°,6
totally,6
extinct,6
health,6
#songoftheyear,6
doing,6
#lliwioeincasgliadau,6
controlâ€¦,6
bright,6
valentines,6
qualifiers,6
shows,6
#hbr,6
tonight,6
#unicornsâ€¦,6
eyes,6
thoughts,6
podem,6
die,6
c,6
#â€¦,6
ai,6
ele,6
boy,6
help,6
used,6
cool,6
fuckin,6
pregnancy,6
basic,6
china,6
hopes,6
happiness,6
#education,6
ğŸ¦„âœ¨âœ¨âœ¨ğŸŒˆ,6
invisible,6
utahâ€™s,6
wanna,6
average,6
bum,6
money,6
rest,6
angeles,6
#nowplaying,6
schools,6
medical,6
evening,6
whos,6
single,6
bounce,6
8,6
deepdive,6
highlighter,6
inadequate,6
gift,6
isnâ€™t,6
instagram,6
years,6
likes,6
roses,6
known,5
foto,5
pode,5
votando,5
fascists,5
technological,5
believing,5
economics,5
vÃ¸ting,5
especially,5
york,5
job,5
didnt,5
wall,5
support,5
reality,5
voice,5
wanted,5
et,5
advances,5
became,5
pretend,5
tu,5
hate,5
use,5
draw,5
type,5
usual,5
least,5
cookies,5
hiâ€¦,5
candy,5
already,5
Ñ…Ğ¾Ñ‡Ñƒ,5
bed,5
farting,5
dia,5
reason,5
opinion,5
education,5
di,5
ta,5
princess,5
rhinos,5
omg,5
music,5
nice,5
supposed,5
possible,5
9,5
santa,5
frens,5
wake,5
faz,5
cake,5
funny,5
chegar,5
ÑÑ‚Ğ¾,5
friend,5
agree,5
available,5
es,5
sua,5
scared,5
harvardbiz,5
level,5
databases,5
fire,5
boys,5
#neo4j,5
technology,5
stories,5
strong,5
mal,5
pakistan,5
pick,5
eating,5
sexual,5
sounds,5
idiots,5
dare,5
smile,5
utahs,5
investmentperdeal,5
fights,5
away,5
meninos,5
le,5
#quote,5
asian,5
purple,5
horas,5
mim,5
sweet,5
liberal,5
nah,5
deu,5
age,5
daily,5
ĞºĞ°Ğº,5
las,5
serious,5
canada,5
internet,5
ğŸ˜,5
â€˜la,5
lost,5
vocÃª,5
#fundraising,5
landâ€™,5
gotta,5
snow,5
milhÃ£o,5
sad,5
#kawaii,5
taylor,5
#epiconetsy,5
addsomestitches,5
sou,5
went,5
map,5
future,5
aint,5
Ñ‚Ğ°Ğº,5
complete,5
needed,5
seriously,5
anyway,5
dando,5
guarantee,5
forgot,5
tÃ£o,5
tÃ¸p,5
bet,5
#craftbuzz,5
ğŸ˜­,5
#eshopsuk,5
woman,5
higher,5
vip,5
tÃ´,5
câ€¦,5
#fintech,5
open,5
shares,5
either,5
combination,5
#redhat,5
beelieve,5
parar,5
adopt,5
successfully,5
bananas,5
corporations,5
creativity,5
large,5
recorded,5
#trending,5
hootsuite,5
#webcomics,5
android,5
bacon,5
soon,5
les,5
âœ¨ğŸ¦„,5
bullshit,5
vez,5
12,5
#hootdroid,5
meeting,5
dar,5
neo,5
allowed,4
joke,4
ncw,4
si,4
worlds,4
ğŸ™ŒğŸ»âœ¨,4
#meowpick,4
primavera,4
estÃ£o,4
esta,4
necesitamos,4
#magical,4
sim,4
#meowbeauty,4
court,4
sound,4
sinuca,4
episode,4
alguÃ©m,4
promise,4
ninguÃ©m,4
murder,4
#fivestarempâ€¦,4
columbus,4
blue,4
valued,4
sigh,4
b,4
continue,4
nigerian,4
shoot,4
williams,4
Ğ¿ÑÑ‚ÑŒ,4
yesterday,4
bringiâ€¦,4
stupid,4
nasdaqs,4
following,4
#leadership,4
ğŸ¦„ğŸ¦„,4
etsy,4
irmÃ£o,4
gone,4
questions,4
huge,4
shopping,4
peoples,4
est,4
#knowyourworth,4
br,4
congrats,4
kittens,4
wrote,4
gerring,4
lo,4
#mÃ©s324,4
forever,4
singing,4
worry,4
using,4
atenÃ§Ã£o,4
Ğ´Ğ°Ğ¶Ğµ,4
romantic,4
xd,4
hello,4
rabbit,4
ğŸ¤—,4
äººé¡ãŒç›®æ’ƒã—ã¦ã„ãŸã‹ã‚‚ã—ã‚Œãªã„ã€Œãƒ¦ãƒ‹ã‚³ãƒ¼ãƒ³ã€ï½œwiredjp,4
theâ€¦,4
billions,4
Ñ‚Ğ¾,4
Ğ²Ñ‹,4
marzia,4
randomly,4
truth,4
charts,4
hates,4
yours,4
asf,4
celular,4
affect,4
Ğ¿Ñ€Ğ¾ÑÑ‚Ğ¾,4
hair,4
ğŸ“·,4
dems,4
traffic,4
relationship,4
deals,4
confetti,4
filled,4
choice,4
children,4
#iamnotaunicornâ€¦,4
capable,4
âœ¨,4
uâ€¦,4
push,4
notifications,4
national,4
hole,4
cryptocurrency,4
moon,4
#giantsfighting,4
research,4
#wearegiants,4
cet,4
entrepreneurs,4
founded,4
likelihood,4
arts,4
bleed,4
rÃ¡pido,4
building,4
lie,4
team,4
luck,4
#zoology,4
#wildlifeeducation,4
fan,4
#endextinction,4
month,4
bs,4
_,4
left,4
Ñ‡ĞµÑ‚Ñ‹Ñ€Ğµ,4
number,4
probably,4
meet,4
narwhals,4
alike,4
ban,4
polyamory,4
slopes,4
calendar,4
ğŸ¦„ğŸ’•,4
long,4
tinha,4
pls,4
bunny,4
il,4
close,4
media,4
y,4
encounters,4
podcast,4
quando,4
#entrepreneur,4
irish,4
ontem,4
flaming,4
counts,4
pequena,4
vocÃªs,4
coâ€¦,4
change,4
trying,4
cream,4
Ğ¾Ñ€Ñƒ,4
couple,4
#onedbestâ€¦,4
â€¢â€¢â€¢,4
cinquenta,4
kick,4
queerness,4
atualizaÃ§Ã£o,4
story,4
debt,4
having,4
equity,4
todos,4
â€¢â€¢â€¢â€¢,4
dÃª,4
twenty,4
swimmer,4
talks,4
ficar,4
precisamos,4
experience,4
loved,4
tesco,4
cc,4
dance,4
proof,4
fanny,4
badass,4
minuto,4
celadon,4
thinking,4
europe,4
oned,4
antwerp,4
usando,4
perdendo,4
daughter,4
chocolate,4
ultrapassou,4
k,4
Ğ´Ğ²Ğ°,4
cell,4
taco,4
joy,4
celebrating,4
nosso,4
#narwhal,4
vezes,4
responda,4
human,4
steve,4
data,4
notificaÃ§Ãµes,4
nao,4
fake,4
dinosaurs,4
whole,4
riding,4
imagine,4
prayers,4
worried,4
blush,4
goldâ€¦,4
todays,4
safe,4
handson,4
miro,4
course,4
#daintycheeks,4
germany,4
tentar,4
alone,4
hashtags,4
#handmade,4
#restock,4
#believe,4
ou,4
israel,4
puppy,4
men,4
super,4
1700,4
dedos,4
order,4
voted,4
â,4
princesses,4
josh,4
Ğ¶Ğµ,4
con,4
eat,4
30,4
25,4
nunca,4
22,4
absolutely,4
#venturecapital,4
#growthhacking,4
lady,4
estar,4
terrorism,4
lethal,4
refugees,4
comedians,4
amb,4
#lularoeleggings,3
drawing,3
rainbowsunicorns,3
unicornsâ€¦,3
matter,3
#trump,3
onboard,3
pilots,3
laugh,3
knowing,3
prayer,3
haha,3
scare,3
yourself,3
hyping,3
spoke,3
called,3
transformation,3
cats,3
assim,3
tiger,3
tb,3
stressed,3
nigga,3
learned,3
finally,3
normal,3
walmart,3
nazis,3
brain,3
ğŸ’ªğŸ»,3
perhaps,3
sick,3
olive,3
wistful,3
Ğ±Ğ»ÑÑ‚ÑŒ,3
tells,3
add,3
therefore,3
stopped,3
sei,3
photo,3
#np,3
vem,3
huh,3
calm,3
table,3
search,3
bring,3
24,3
evil,3
lovely,3
ugly,3
share,3
chatted,3
#housingwhitepaper,3
hbr,3
keen,3
cabelo,3
#agiletd,3
remember,3
choose,3
#presidentbannon,3
watching,3
air,3
non,3
turns,3
heard,3
saved,3
ghost,3
quer,3
often,3
#11alive,3
major,3
ohmahgah,3
replace,3
#neverstopdreaming,3
#bepassionate,3
#entrepreneurlifestyle,3
looking,3
temos,3
arguments,3
#funny,3
race,3
posted,3
claiming,3
ted,3
fleet,3
drama,3
faces,3
dudeleave,3
son,3
#ssgu,3
wow,3
holy,3
dogs,3
ĞµÑÑ‚ÑŒ,3
hunting,3
5,3
lana,3
rey,3
ano,3
pas,3
bob,3
manhi,3
vamo,3
Ğ´Ğ¾,3
until,3
#utahtech,3
tds,3
seems,3
tired,3
ativem,3
wtf,3
trend,3
fictional,3
#russiancliquevotestop,3
tears,3
bruh,3
album,3
pic,3
dangerous,3
cadÃª,3
vinte,3
mine,3
du,3
ball,3
ganhar,3
#siliconslopes,3
ğŸ¦„ğŸ’,3
ğŸ’•ğŸ’•ğŸ’•,3
forbes,3
protect,3
needs,3
requested,3
giving,3
perder,3
yay,3
date,3
jealous,3
nÃ³s,3
mangano,3
pela,3
queen,3
lovers,3
acabar,3
thou,3
politicians,3
â€™s,3
impassioned,3
understand,3
youve,3
controâ€¦,3
Ñ‚Ñ‹,3
missing,3
dear,3
ajuda,3
casa,3
cest,3
niggas,3
#grifone,3
fespop,3
#griffin,3
#griffon,3
#gryphon,3
wear,3
indiaâ€™s,3
asked,3
ruined,3
deveria,3
hughes,3
seeing,3
tava,3
ĞµÑ‰Ñ‘,3
position,3
upcoming,3
#womenvets,3
#homelessness,3
#veterans,3
#mindfulness,3
#mindbody,3
triste,3
sugar,3
answer,3
feeling,3
door,3
lexis,3
voto,3
fair,3
ğŸ˜,3
votem,3
academys,3
fit,3
mom,3
contâ€¦,3
ana,3
online,3
interesting,3
drives,3
phone,3
ugh,3
colour,3
ğŸ’,3
ma,3
diz,3
ğŸ¦„â€¦,3
#investors,3
touch,3
second,3
unless,3
dreaming,3
pure,3
israeli,3
sensâ€¦,3
member,3
loyalty,3
rich,3
cair,3
Ñ‚Ñ€Ğ¸,3
luke,3
bill,3
club,3
user,3
donald,3
kind,3
cadick,3
nowâ€¦,3
menina,3
knows,3
dinheiro,3
feibel,3
annie,3
vacilar,3
gay,3
quit,3
brutas,3
tv,3
racistfascisâ€¦,3
muslim,3
pbo,3
#hood,3
remorse,3
#pixiehat,3
buyers,3
pets,3
den,3
chasing,3
#economy,3
overvalued,3
hand,3
silly,3
cara,3
terrorist,3
4025,3
educate,3
ğŸ™ğŸ½,3
year,3
dumbasses,3
duas,3
folks,3
worldâ€™s,3
sale,3
myself,3
claro,3
tune,3
shoals,3
yixuan,3
mÃ£ezona,3
grupo,3
ola,3
paytm,3
quikr,3
zomato,3
shopclues,3
hike,3
messenger,3
zoho,3
flipkart,3
cuida,3
membros,3
elementary,3
rapper,3
fofo,3
samba,3
ÑĞµĞ¼ÑŒ,3
#fivestaremâ€¦,3
reception,3
Ğ²Ğ¾ÑĞµĞ¼ÑŒ,3
helm,3
stuffed,3
Ğ´ĞµĞ²ÑÑ‚ÑŒ,3
#digital,3
Ğ¾Ğ´Ğ¸Ğ½,3
flies,3
pads,3
dad,3
almost,3
gamer,3
corner,3
#fashion,3
self,3
trivial,3
#leggings,3
#cute,3
sadly,3
emojis,3
scream,3
danger,3
moi,3
yep,3
picture,3
fund,3
je,3
suis,3
bell,3
calling,3
Ñ€ĞµĞ±ÑÑ‚,3
#pressplay,3
hat,3
podia,3
rely,3
patients,3
drs,3
nuh,3
yeeeeeah,3
dirty,3
adorable,3
va,3
shoulder,3
ceilings,3
renÃ©,3
#ceo,3
netflix,3
#founder,3
millions,3
sports,3
america,3
#etsychaching,3
#bakabot,3
rocking,3
four,3
refuse,3
feed,3
mds,3
grey,3
supreme,3
excited,3
drag,3
p,3
peacefully,3
#haul,3
ğŸ•¶,3
betceleste,3
ğŸ’œ,3
mention,3
angel,3
performance,3
kim,3
listen,3
ignore,3
realistic,3
vontade,3
rules,3
havent,3
scene,3
statement,3
completa,3
popular,3
places,3
received,3
study,3
pizza,3
cloud,3
peace,3
lord,3
ĞºĞ¾Ğ³Ğ´Ğ°,3
8a,3
#immigrants,3
#sayhername,3
#keywordgrown,3
fr,3
rarity,3
ranked,3
recipe,3
lu,3
unfortunately,3
â€œ,3
animal,3
sell,3
oito,3
negative,3
unlucky,3
glass,3
tâ€¦,3
novo,3
snowflake,3
caramba,3
ğŸ’™,3
apart,3
falar,3
tear,3
public,3
iâ€™m,3
dying,3
third,3
mix,3
wh,3
#fakenews,3
25mins,3
fight,3
adults,3
#fairytales,3
practicesâ€¦,3
yea,3
stars,3
village,3
timing,3
except,3
ti,3
site,3
newsletter,3
trinket,3
muita,3
box,3
#notonthehighstreet,3
rashaun,3
jogar,3
tel,3
aviv,3
hora,2
bipolar,2
ridiculous,2
conversation,2
outra,2
tooth,2
wishes,2
amooâ¤,2
ep,2
#fullofgrace,2
laura,2
shoes,2
graduation,2
kitty,2
maximum,2
#gamedev,2
souls,2
celshaded,2
#ixd17,2
partners,2
dentro,2
fart,2
Ğ½Ğ°ÑÑ‚Ñ€Ğ¾ĞµĞ½Ğ¸Ğµ,2
vdd,2
#etsyâ€¦,2
ts,2
cutest,2
scary,2
tipos,2
dumbass,2
stays,2
appreciate,2
coisa,2
congress,2
pixie,2
forest,2
spree,2
elves,2
bro,2
unite,2
suffering,2
hits,2
acc,2
covered,2
sige,2
apocalypse,2
country,2
raining,2
shout,2
worth,2
vogueing,2
vogue,2
madonnas,2
net,2
accidentally,2
project,2
ğŸ˜­ğŸ˜­,2
cu,2
balls,2
tolerant,2
tiro,2
tshirts,2
confirm,2
babies,2
walk,2
ê¹Œì§€,2
20íŒ,2
sparkly,2
rn,2
approve,2
happen,2
challenge,2
missed,2
case,2
#ê¾¹ì´ì¡¸ì—…ã…Šã…‹,2
#ê¾¹,2
ğŸ˜,2
#quotes,2
texting,2
smiley,2
poops,2
ÑĞ¼Ğ¾Ñ‚Ñ€ĞµĞ»Ğ°,2
Ñ‡Ğ¾,2
oink,2
beliebers,2
bitches,2
minhas,2
sexta,2
farts,2
bold,2
bundle,2
waste,2
includes,2
danny,2
soap,2
deserves,2
comeÃ§ou,2
quisermos,2
Ğ²ĞµÑÑŒ,2
muitos,2
errada,2
b4,2
accomplish,2
sort,2
lembrese,2
ish,2
tooâ€¦,2
periods,2
tml,2
cmg,2
pai,2
segurar,2
boiii,2
losing,2
nn,2
#onedâ€¦,2
anitta,2
sti,2
certeza,2
Ñ‚Ğ°Ğ¼,2
hj,2
bunda,2
player,2
Ğ½Ğ¾,2
Ğ¼Ğ¾Ğ¶ĞµÑ‚,2
cuz,2
bubble,2
risk,2
Ğ±Ñ‹,2
billionaire,2
Ğ½Ñƒ,2
eles,2
#booksandbeer,2
underway,2
unidas,2
mc,2
mira,2
valaafshar,2
siamo,2
vi,2
cada,2
esforcem,2
exists,2
somewâ€¦,2
hopeless,2
limos,2
#entrepreneurs,2
cuando,2
crowded,2
trades,2
slow,2
lev,2
fin,2
hy,2
oil,2
copper,2
fang,2
hour,2
learn,2
novecentos,2
#onedbestfaâ€¦,2
ğŸ’•,2
aumentar,2
trocar,2
butt,2
ğŸ’–,2
animals,2
cansaÃ§o,2
vantagem,2
immigrants,2
purpose,2
ÑÑ‚Ğ¾Ğ³Ğ¾,2
aviso,2
nÃºmeros,2
nobodyremember,2
falta,2
graÃ§as,2
assumption,2
elas,2
passar,2
comentÃ¡rios,2
fairly,2
local,2
define,2
double,2
admin,2
loire,2
florentcourty,2
este,2
dose,2
testa,2
given,2
classroom,2
telling,2
gnomes,2
solta,2
gli,2
tiene,2
snapdeal,2
reacting,2
pairs,2
10â€¦,2
bannon,2
theyve,2
ada,2
#hewhomustnotbenamed,2
seem,2
fave,2
precisa,2
growthhackers,2
fantasia,2
importance,2
edutainment,2
millennials,2
explaining,2
quase,2
elevations,2
#midwestfw,2
piece,2
cares,2
ultimate,2
design,2
studio,2
tongue,2
#growthhack,2
#innovate,2
#digitalideas,2
researchpreneur,2
guns,2
scout,2
donates,2
cancer,2
suck,2
slouchy,2
milhÃµes,2
sair,2
#bollywood,2
#bollywoodlife,2
ir,2
bag,2
tom,2
problem,2
#csntomboy,2
dumbocrats,2
#illustration,2
#scrapbooking,2
#clipart,2
helps,2
sending,2
kkkkkkkkkkkkkkkkk,2
asking,2
ri,2
Ã´nibus,2
#themovingfactor,2
entre,2
#montserratmovers,2
skies,2
miga,2
#fortworthmovers,2
10100m,2
parents,2
golden,2
millennial,2
supporting,2
graduating,2
london,2
bipartisan,2
according,2
sarah,2
Ğ½Ğ¸Ğ±ÑƒĞ´ÑŒ,2
Ğ¼Ğ½Ğµ,2
orgulho,2
#siliconvalley,2
adventures,2
â€,2
website,2
television,2
indias,2
deceiver,2
horÃ¡rio,2
td,2
tolkien,2
ark,2
projeto,2
saber,2
existem,2
banned,2
teacher,2
practices,2
mega,2
opens,2
treta,2
homes,2
decoration,2
cento,2
cem,2
#notoâ€¦,2
proper,2
dude,2
ğŸ‘‡ğŸ¼âœ¨,2
#alltimelow,2
cover,2
unicornsğŸ¦„ğŸ’•,2
elephants,2
turn,2
evidence,2
speech,2
wild,2
marshmallow,2
fantasies,2
ğŸ˜˜,2
peaceâ€¦,2
hi,2
bridges,2
waters,2
reflective,2
#signsyouareontherightpath,2
funded,2
nasdaq,2
waiting,2
ganhando,2
jogo,2
loyal,2
#ÑĞ¸Ğ½Ğ¸Ğ¹ĞºĞ¸Ñ‚,2
#investmentsâ€¦,2
wednesday,2
#soundcloud,2
Ù…Ùˆ,2
Ù…Ø¹Ø¤ÙˆÙ„,2
bunch,2
ğŸ˜‚ğŸ˜‚ğŸ˜‚,2
supportbuild,2
wonder,2
ğŸ¤”,2
ecosystem,2
agraÃ¯ria,2
persones,2
taula,2
librarian,2
siguin,2
wolfie,2
horrible,2
bear,2
hanno,2
mÃ©s,2
objectives,2
srta,2
galdonamb,2
leaving,2
dunicorns,2
noâ€¦,2
co,2
dress,2
lularoe,2
rough,2
myths,2
nombreuses,2
success,2
worries,2
vidÃ©os,2
Ã ,2
manquer,2
sur,2
beliefs,2
notre,2
hippogriffs,2
depends,2
asleep,2
palette,2
colored,2
chase,2
hah,2
#sparkle,2
block,2
somebody,2
ima,2
siguem,2
seriosospensar,2
park,2
creure,2
canvi,2
esp,2
quan,2
perd,2
lending,2
spanning,2
aggregate,2
vots,2
globally,2
fintech,2
mesos,2
dotdoll,2
#11aliveâ€¦,2
rock,2
surge,2
#edtech,2
chinas,2
outside,2
ouvir,2
haunt,2
indeed,2
quality,2
depois,2
ty,2
fashion,2
agr,2
vÃ­c,2
dokÃ¡Å¾eÅ¡,2
toho,2
Å¾e,2
myslela,2
jsem,2
badge,2
boas,2
sempre,2
aye,2
#lulacash,2
unicornsğŸ¤”,2
pineapples,2
#valentinesleggings,2
urw,2
radio,2
theythey,2
jesus,2
gbg,2
lena,2
apler,2
coffee,2
sparkling,2
â¤ï¸â¤ï¸,2
#mexicocity,2
andâ€¦,2
immediately,2
witch,2
leprechauns,2
topper,2
angry,2
currently,2
ascending,2
ao,2
palace,2
likely,2
yup,2
series,2
rip,2
notice,2
dragon,2
devil,2
plagues,2
donate,2
horsemen,2
frustrating,2
book,2
describe,2
size,2
leggings,2
print,2
dealt,2
ibe,2
ditto,2
#style,2
star,2
hv,2
parallel,2
previewing,2
completely,2
dem,2
surprise,2
ğŸ˜©,2
#dnl,2
honestly,2
#paranoid,2
#fakekatytur,2
david,2
evolution,2
counting,2
Ğ¼ĞµĞ½Ñ,2
bene,2
tried,2
fing,2
expect,2
rats,2
mole,2
#romperâ€¦,2
naked,2
#sundaymorniâ€¦,2
#lularoesale,2
aardvarks,2
monger,2
ore,2
per,2
dicked,2
mucho,2
dick,2
hugging,2
drift,2
skittles,2
pullman,2
#magic,2
eâ€¦,2
conquer,2
menos,2
buraco,2
divide,2
Ğ°Ğ´ĞµĞºĞ²Ğ°Ñ‚Ğ½Ğ¾Ğ³Ğ¾,2
#1linewed,2
version,2
#watercolors,2
deer,2
laser,2
logo,2
facebook,2
markets,2
painted,2
path,2
asses,2
â¤ğŸ’›ğŸ’œğŸ’™ğŸ’š,2
guilty,2
mascot,2
wants,2
officially,2
tale,2
rumah,2
argue,2
#techâ€¦,2
enjoy,2
sources,2
bribe,2
britain,2
twist,2
#mobile,2
bail,2
fee,2
#eu#art50#brexit,2
noticed,2
ğŸ˜,2
#twitchstream,2
alex,2
hn,2
tf,2
pasta,2
yc,2
ste,2
âœ±,2
ğŸ‘½ğŸ¦„,2
aliensunicorns,2
caderno,2
capas,2
pee,2
alright,2
dnt,2
#telavivuniversity,2
credibility,2
bottle,2
#unicornscontadme,2
cuales,2
painful,2
vuestros,2
sueÃ±os,2
tempo,2
su,2
ha,2
sido,2
lions,2
#unicornsğŸ¦„,2
heated,2
scaring,2
marth,2
lies,2
difÃ­cil,2
extra,2
amigos,2
arruma,2
kkkkkk,2
confiante,2
medo,2
break,2
ğŸ˜‚ğŸ˜‚ğŸ˜‚ğŸ˜‚,2
#unicorno,2
bitch,2
#jenscouturecakes,2
cupcakes,2
ğŸ¦„ğŸ’•unicorns,2
funding,2
aces,2
hold,2
vendo,2
ashes,2
#energy,2
#cleancoal,2
#didtechtalk,2
larry,2
majestic,2
saves,2
venusohara,2
parle,2
munchkins,2
reminded,2
hurt,2
racing,2
don,2
#fluffingtonpost,2
ahh,2
update,2
east,2
nominate,2
#snowbarry,2
#toptvcouple,2
original,2
atlantis,2
notify,2
ah,2
#history,2
j,2
liar,2
topic,2
pr,2
lg,2
happened,2
harmed,2
youtubers,2
watch,2
negotiate,2
below,2
kennedy,2
pc,2
preview,2
jai,2
mvp,2
allstar,2
launches,2
100m,2
athletes,2
ÑĞ¸Ğ¼Ğ²Ğ¾Ğ»,2
#ÑĞ²Ğ¸Ğ³Ñ€Ğµ,2
#Ğ¼Ğ¾Ñ€ĞµĞºĞ¸Ñ‚Ğ¾Ğ²,2
andrew,2
atlanta,2
comprar,2
#allprodad,2
breathing,2
pour,2
across,2
mesa,2
virar,2
favor,2
claim,2
nessa,2
#germany,2
3b,2
selling,2
emergingâ€¦,2
ecosystems,2
investor,2
farming,2
withâ€¦,2
#ai,2
Ğ±Ğ»Ñ,2
projection,2
upset,2
nuanced,2
killer,2
ĞºĞ°ĞºĞ¸Ğµ,2
Ñ‚Ğ°ĞºĞ¾Ğ¹,2
ğŸ ,2
singleâ€¦â€¦,2
singleâ€¦,2
workout,2
parceiro,2
decidedly,2
wings,2
mushy,2
satanic,2
mi,2
travis,2
late,2
hearti,2
#friz,2
awards,2
#gh,2
bowl,2
crooked,2
effort,2
alienunicorn,2
glitterâ€Š,2
hx,2
different,2
makichan,2
claus,2
mÃ£o,2
pessoas,2
everywhere,2
trade,2
starting,2
das,2
ğŸ˜…,2
question,2
pegar,2
conhece,2
9pm,2
bags,2
rights,2
burgundy,2
guria,2
tambem,2
mesma,2
desde,2
vir,2
estou,2
build,2
rotherham,2
tt,2
ihr,2
sold,2
amizade,2
der,2
cnn,2
serio,2
#follow#retweet,2
kkkkkkkk,2
#,2
sai,2
desperdÃ­cio,2
obsession,2
insurance,2
dolphins,2
delivered,2
dozen,2
pessoa,2
mr,2
depression,2
Ğ³Ğ¾Ğ»Ğ¾ÑĞ¾Ğ²Ğ°Ñ‚ÑŒ,2
bisexual,2
#blogger,2
findâ€¦,2
coincidence,2
ÑˆĞµÑÑ‚ÑŒ,2
gon,2
marry,2
billiondollar,2
und,2
ÑˆĞµÑÑ‚Ğ¾Ğ¹,2
ran,2
medieval,2
total,2
estas,2
ğŸ’ªğŸ¼,2
ğŸ˜ˆ,2
wagner,2
treat,2
startupgrind,2
gosto,2
#sandrabland,2
Ğ½ĞµÑ‚,2
Ñ‚ĞµĞ¿ĞµÑ€ÑŒ,2
Ğ¾,2
taste,2
lion,2
twitch,2
chain,2
weakens,2
users,2
ali,2
kardashian,2
#meannanny,2
dwelling,2
mentira,2
journalists,2
brava,2
perfeita,2
Ñ‚,2
30th,2
apreciar,2
wishing,2
robs,2
curto,2
falou,2
praktikant,2
resources,2
mw,2
culture,2
chorar,2
#lgbti,2
burning,2
whatever,2
contribute,2
publication,2
medium,2
#job,2
#queer,2
info,2
#karriere,2
kno,2
aquela,2
launched,2
hunt,2
natalia,2
dyer,2
#technology,2
learnings,2
waterbugsâ€¦,2
exaggeration,2
once,2
#unicornhorn,2
Ğ¸Ğ¸ÑÑƒÑ,2
Ğ¿Ğ¾,2
paintâ€¦,2
finds,2
elite,2
tens,2
diaaaaaaaaa,2
alternative,2
â€¢â€¢â€¢â€¢â€¢,2
factual,2
encanta,2
reminder,2
tub,2
connect,2
stick,2
panda,2
ğŸ˜¯,2
letâ€™s,2
sparkle,2
#lgbtqsymbols,2
text,2
Ğ¾Ñ‡ĞµĞ½ÑŒ,2
Ğ¶,2
ĞµÑ‰Ğµ,2
grande,2
lots,2
#family,2
Ğ¼Ğ¾Ğ¹,2
blast,2
winâ€¦,2
hahaha,2
death,2
ğŸ¦„ğŸŒˆ,2
realized,2
nowadays,2
pot,2
prob,2
herd,2
industry,2
shes,2
screaming,2
Ğ¿Ğ¾Ñ‡ĞµĞ¼Ñƒ,2
american,2
friday,2
primeiro,2
era,2
truco,2
danÃ§ar,2
straight,2
mother,2
behind,2
#entrepreneurshipâ€¦,2
innovativeâ€¦,2
proceedings,2
#branding,2
aboutunicorns,2
#demonetisation,2
#notebandi,2
bay,2
conditions,2
queer,2
nothin,2
misses,2
trust,2
wassup,2
cut,2
directly,2
redheads,2
esquece,2
environment,2
ruining,2
jeito,2
further,2
xx,2
images,2
drop,2
ÑĞ¾,2
daddy,2
fantastic,2
#atheism,2
unicornswhy,2
apparently,2
harvard,2
homework,2
fellow,2
lunch,2
iod,2
waikato,2
buckley,2
ross,2
checked,2
assad,2
innocent,2
due,2
hrm,2
thx,2
tubeeeee,2
adores,2
governor,2
sit,2
pop,2
ignorant,2
chance,2
goes,2
swear,2
male,2
Ğ¿Ñ€Ğ¾ÑÑÑ‚,2
#uber,2
ÑĞµĞ±Ğµ,2
lime,2
throwing,2
named,2
impeach,2
segunda,2
pute,2
itll,2
onâ€¦,2
killing,2
resume,2
#startupsâ€¦,2
everyones,2
11unicorns,2
crapping,2
cones,2
diy,2
dormindo,2
juntas,2
kakakakakakakak,2
types,2
walking,2
niece,2
fairiesincluding,2
letting,2
decry,2
racism,2
sessionss,2
jeff,2
account,2
working,2
statistics,2
stand,2
ness,2
loch,2
supporters,2
shiit,2
newsletterâ€¦,2
epic,2
trudeaus,2
balances,2
gop,2
related,2
#alternativefacts,2
ryan,2
wasting,2
closing,2
broken,2
ğŸ˜,2
jobs,2
beyond,2
sexy,2
#motivation,2
#girls,2
#nefollowers,2
fairytales,2
yourselves,2
hasnt,2
breaking,2
attack,2
#bestduogroupoftheyear,2
ğŸ‰,2
ğŸ˜±,2
ps,2
credits,2
gaga,2
paid,2
cocaine,2
sc2,2
ecommerce,2
roommate,2
moderate,2
ğŸ™‚,2
widow,2
dressed,2
useful,2
tough,2
ğŸ’“,2
cmon,2
mines,2
dormir,2
annoying,2
process,2
pinned,2
weird,2
patterns,2
ans,2
#unicornpoop,2
#cookies,2
#iheartawâ€¦,2
words,2
#yum,2
welcome,2
warning,2
units,2
galaxy,2
dÃ¡,2
sleeper,2
holding,2
body,2
truly,2
grow,2
nina,2
bio,2
lips,2
gather,2
trÃªs,2
weve,2
link,2
diminuir,2
ÑÑ‚Ğ¸,2
Ñ‡Ñ‚Ğ¾Ğ±Ñ‹,2
bolinhos,2
igual,2
entertain,2
faaaaaaaith,2
#tweetlikedemocrat,2
newest,2
devos,2
vampire,2
fotos,2
una,2
deserved,2
ntm,2
ğŸ”ğŸ”ğŸ”,2
demais,2
sÃ©rio,2
yrs,2
theirs,2
boa,2
flowers,2
loving,2
pictures,2
whoa,2
clipe,2
seria,2
hurts,2
skeleton,2
consisted,2
tÃ¸,2
sponsored,2
vs,2
tylers,2
preciosa,2
trends,2
#entrepreneurship,2
ainda,2
potinho,2
fever,2
award,2
1300000,2
8287,2
shadows,2
7437,2
2015,2
|#iheartawards,2
x2,2
2011,2
blurryfaceâ€¢,2
x4,2
regrets,2
estoy,2
mis,2
aaahhhh,2
830,2
#clique,2
700,2
371,2
183,2
spirit,2
kellyanne,2
fast,2
74,2
legend,2
prefer,2
inks,2
#silicondragon,2
espero,2
37,2
knew,2
bless,2
lane,2
gen,2
â€¢â€¢ğŸ’€ğŸ‘½â€¢â€¢,2
imma,2
debate,2
36,2
shaming,2
pussy,2
33,2
32,2
21,2
18,2
antes,2
spam,2
importa,2
miracles,2
yeeeeeeeeeeeeeeeeeeeeeeeeeeeees,1
ahre,1
votÃ¡,1
seas,1
donde,1
rad,1
vÃ¸te,1
lalala,1
travÃ©s,1
ğŸ,1
baterÃ­a,1
chau,1
voy,1
hacer,1
morirme,1
olvidÃ³,1
letra,1
rtblz,1
1pm,1
roe,1
clothes,1
vÃ­a,1
#llr,1
comic,1
salinas,1
comics,1
defecates,1
monsters,1
paints,1
syria,1
surrounding,1
#letsroeâ€¦,1
reminds,1
hometown,1
violent,1
quiet,1
message,1
mos,1
#bestmoviesong,1
#iheartsawards,1
#twentyonepilotsbestfanarmy,1
#tÃ¸pâ€¦,1
#tylerjoseph,1
#ers2017,1
ga,1
rompiendo,1
#kcafavnewartist,1
dominaron,1
vÃ­,1
hasta,1
hacia,1
sabÃ­a,1
timeğŸ–¤,1
nas,1
vo,1
napkins,1
trappdoor,1
tad,1
rt=vote,1
merecen,1
ganen,1
ellos,1
tru,1
retwittear,1
met,1
fandoms,1
bests,1
diez,1
#iheartawaâ€¦,1
darkand,1
jishwa,1
bolinho,1
interviews,1
pays,1
oweâ€¦,1
bonnet,1
emtala,1
pompon,1
foâ€¦,1
petition,1
greasy,1
everlasting,1
bebÃ©s,1
containing,1
saga,1
cup,1
tea,1
daaaark,1
hometowns,1
abandona,1
write,1
voten,1
#ihâ€¦,1
frigglin,1
tyjo,1
calma,1
eita,1
#ps4share,1
pues,1
Ğ´Ğ¾Ñ€Ğ¾â€¦,1
Ğ¼ĞµÑĞ¸ĞºĞ°Ğ¼Ğ¸,1
Ğ±Ğ°Ğ±Ğ¾Ğ¹,1
Ğ±Ñ‹Ñ‚ÑŒ,1
Ğ½Ñ‹Ğ½Ñ‡Ğµ,1
Ğ¼Ğ¸Ğ½Ğ¸Ğ¼ÑƒĞ¼Ğ°,1
Ñ‚Ğ°Ğ¼Ğ¿Ğ¾Ğ½Ñ‹,1
Ğ¿Ñ€Ğ¾ĞºĞ»Ğ°Ğ´ĞºĞ¸,1
Ñ†ĞµĞ½Ñ‹,1
ÑĞ½Ğ¸Ğ¶Ñƒ,1
ÑƒĞºĞ°Ğ·Ğ¾Ğ¼,1
Ğ¿ĞµÑ€Ğ²Ñ‹Ğ¼,1
Ğ¿Ñ€ĞµĞ·Ğ¸Ğ´ĞµĞ½Ñ‚Ğ¾Ğ¼,1
ÑÑ‚Ğ°Ğ½Ñƒ,1
#besâ€¦,1
xdd,1
nadie,1
kdksrks,1
retweeted,1
tambiÃ©n,1
teclado,1
teclas,1
gastando,1
muchno,1
possessividade,1
credo,1
#iheartâ€¦,1
including,1
multiple,1
aaaaaaaaaahahahhhhjhjdkfkbk,1
v,1
repoio,1
iconic,1
x3,1
panties,1
cry,1
adelante,1
canciÃ³n,1
ahhhhhh,1
pone,1
sumar,1
interesante,1
asi,1
#bestfaâ€¦,1
ajaajajajajaj,1
usen,1
segundo,1
goner,1
yoy,1
â¤ğŸ’™|,1
livesthey,1
gtg,1
compares,1
guardo,1
government,1
reclamar,1
msm,1
frm,1
tokidoki_unicornss,1
foreign,1
competition,1
eighty,1
beef,1
tbâ€¦,1
cough,1
sake,1
lettuce,1
itâ¤ï¸â¤ï¸,1
created,1
thankful,1
fans,1
blinks,1
stopping,1
destroying,1
snaps,1
screen,1
uÃ©,1
roll,1
unexpecteâ€¦,1
knocks,1
unfair,1
chasingâ€¦,1
unicornswhen,1
vlive,1
nessas,1
formed,1
nvm,1
balloons,1
nearby,1
annoyed,1
buildings,1
slaughter,1
spirits,1
balancing,1
gogh,1
van,1
mile,1
shutting,1
figures,1
inflated,1
mv,1
worse,1
debut,1
#yougiggled,1
ğŸ˜‚ğŸ’€,1
tuesday,1
__,1
childish,1
ahahaha,1
ships,1
elements,1
tents,1
kid,1
yaaah,1
#effortlesskiligloveteam,1
kissward,1
reblog,1
swift,1
smith,1
dan,1
stylinson,1
haeders,1
ğŸ’€ğŸ’€ğŸ’€ğŸ’€ğŸ’€ğŸ’€ğŸ‘½ğŸ‘½ğŸ‘½ğŸ‘½ğŸ‘½ğŸ‘½ğŸ‘½,1
â™¥â™¥â™¥â™¥â™¥â™¥,1
raised,1
noite,1
theâ€¦starsâ€,1
squeeze,1
celebrity,1
cd,1
sink,1
kitchen,1
rap,1
#iheartawardsâ€¦,1
Ğ²Ğ¼ĞµÑÑ‚Ğµ,1
heroes,1
porque,1
Ğ¿ĞµÑĞ½Ğ¸,1
ĞºÑ€Ğ¸Ñ‡Ğ°Ñ‚ÑŒ,1
ĞºĞµĞ¼Ñ‚Ğ¾,1
Ğ²ÑÑ‚Ñ€ĞµÑ‡Ğ°Ñ‚ÑŒÑÑ,1
algÃºn,1
dÃ­a,1
conoceremos,1
conocen,1
Ğ¿Ã¸Ğ»ÑƒÑĞ¼ĞµÑ‚Ñ€Ğ¸,1
Ğ¿Ğ¸Ğ»Ã¸Ñ‚Ğ°Ñ…,1
Ñ‚Ğ²Ğ¸Ñ‚Ñ‚Ğ¸Ğ¼,1
hum,1
ĞºĞ¾ÑˆĞ¼Ğ°Ñ€Ğ°Ñ…,1
ÑĞ½Ğ°Ñ…,1
Ñ‚Ğ²Ğ¾Ğ¸Ñ…,1
Ğ¿Ñ€Ğ¾Ğ³ÑƒĞ»ÑÑÑÑŒ,1
Ñ€Ğ°Ğ´Ğ¾ÑÑ‚ÑŒÑ,1
votad,1
Â¡demostrad,1
tratando,1
valemos,1
#bestfanarmâ€¦,1
esto,1
chicos,1
Ğ¾Ğ´Ñƒ,1
ÑĞ²Ğ¾Ñ,1
Ğ¿Ğ¾ÑĞ²ÑÑ‚Ğ¸,1
ae,1
#heavydirtysoulmusicvideo,1
namorals,1
kenya,1
winğŸ˜©â¤ï¸ï¸,1
polarize,1
entiendo,1
pero,1
disfruto,1
Ğ¿Ñ€Ğ°Ğ²Ğ´Ğ¾Ğ¹,1
gifs,1
Ğ²Ñ€ĞµÑ‚Ğµ,1
Ğ¸Ğ´ĞµĞ°Ğ»ÑŒĞ½Ñ‹,1
Ñ„Ğ¾Ñ‚Ğ¾,1
apaixonada,1
Ğ´ÑƒĞ¼Ğ°ĞµÑ‚Ğµ,1
ĞµÑĞ»Ğ¸,1
enserio,1
tengo,1
stream,1
aussie,1
#bozemanroadshâ€¦,1
hours,1
snowfield,1
weather,1
14degree,1
standing,1
sueÃ±Ã±Ã±Ã±Ã±Ã±Ã±Ã±Ã±Ã±o,1
#billiondollarstartups,1
ğŸ¸,1
ğŸ™,1
#barflyradio,1
rendiremos,1
#private,1
host,1
thereâ€™s,1
#public,1
inc,1
#snap,1
itâ€¦,1
loudly,1
sin,1
pelear,1
slowly,1
quickly,1
forgive,1
insane,1
â“,1
twice,1
modeling,1
Â¡Â¡animo,1
esos,1
retweets,1
delightful,1
trumpverse,1
dementoâ€¦,1
adore,1
thinkâ€¦,1
018,1
sizes,1
kazdy,1
zipper,1
cotton,1
organic,1
match,1
googoogaga,1
powinien,1
Ğ²Ğ»ĞµÑĞ±Ğ¸ÑĞ½Ğ¸Ñ‚ÑÑ,1
Ñ€Ğ°Ğ·,1
Ğ¾Ñ‡ĞµÑ€ĞµĞ´Ğ½Ğ¾Ğ¹,1
Ğ½Ğ°ÑÑ‡Ñ‚Ğµ,1
joshuadun,1
cash,1
#unicornlivesmatter,1
#fredrickdouglas,1
pence,1
miec,1
anywhere,1
communism,1
april,1
#step2017,1
ğŸ˜­ğŸ˜­ğŸ˜­ğŸ˜­,1
chamsko,1
faire,1
laissez,1
aspects,1
zbieram,1
râ€¦,1
gÅ‚osy,1
wonderland,1
baddest,1
desired,1
Ğ¿Ğ¾Ğ¶Ñ€Ñƒ,1
Ğ´Ğ°Ğ»ÑŒÑˆĞµ,1
#thecakemamas,1
unicornsğŸ˜´ğŸ¦„ğŸ’¤ğŸ’«,1
Ğ¿Ñ€Ğ¸Ñ…Ğ¾Ğ´Ğ¸Ñ‚,1
Ğ³Ğ¾Ğ»Ğ¾Ğ²Ñƒ,1
Ğ²Ğ¾Ğ¾Ğ±Ñ‰Ğµ,1
Ğ»ÑĞ´ÑĞ¼,1
Ñ‚Ğ¸Ğ¿Ğ°,1
Ñ„Ğ¸ĞºĞ±ÑƒĞºĞµ,1
ĞºÑ€Ğ¾ÑÑĞ¾Ğ²ĞµÑ€Ğ¾Ğ²,1
Ğ½ĞµĞºĞ¾Ñ‚Ğ¾Ñ€Ñ‹Ñ…,1
Ğ¾Ñ„Ğ¸Ğ³ĞµĞ²Ğ°Ñ,1
franbase,1
jungle,1
fruits,1
yeh,1
#bestfanarmytwentyonepilâ€¦,1
ĞºĞ»Ğ¸ĞºĞ°,1
annoy,1
Ğ»Ğ¸,1
Ğ·Ğ½Ğ°ĞµÑ‚Ğµ,1
Ğ³Ğ¾Ğ´Ğ½Ğ¾,1
Ğ¼Ğ¾Ğ»ĞºĞ¾,1
Ğ²Ğ¸Ğ½Ñ‡ĞµÑÑ‚ĞµÑ€Ğ±Ñ€Ğ°Ğ¹Ğ°Ğ½,1
ÑÑĞ¼,1
Ğ·Ğ½Ğ°Ñ,1
ĞºÑ€Ğ¾ÑÑĞ¾Ğ²ĞµÑ€Ğ¾Ğ¼,1
ÑÑ‚Ñ€Ğ°Ğ½Ğ½Ñ‹Ğ¼,1
ÑĞ°Ğ¼Ñ‹Ğ¼,1
Ğ¿Ğ¾Ñ€,1
ÑĞ¸Ñ…,1
Ğ·Ñ,1
Ñ…Ğ¾Ñ‚Ñ,1
shshsh,1
Ğ±ÑÑÑ‚,1
wonhae,1
viada,1
ğŸ’ğŸ’,1
marida,1
amanhÃ£,1
aula,1
ğŸ¤™ğŸ½ğŸ–¤,1
cooâ€¦,1
quantum,1
singin,1
dancin,1
#indias,1
fss,1
chihuahua,1
centurion,1
unnie,1
pulled,1
å¦ã€è²·ã£ã¦ã‚‹å ´åˆã ã£ãŸâ€¦ã‹ã‚‚ï¼,1
unicornsã‚’è²·ã£ã¦ã‚‹å ´åˆã˜ã‚ƒãªã‹ã£ãŸï¼,1
mrdo,1
repugs,1
sausage,1
piss,1
fond,1
dog,1
prop,1
cities,1
beverages,1
alcoholic,1
sells,1
platform,1
mam,1
jiuxian,1
dongsaeng,1
ĞºĞ¾Ñ‚Ğ¸ĞºĞ¸,1
ÑĞµÑ€ÑŒĞµĞ·Ğ½Ñ‹Ğµ,1
Ğ¿Ğ¾Ñ‚Ñ€ÑÑĞ°ÑÑ‰Ğµ,1
Ğ°Ğ°,1
#lies,1
aka,1
nzers=#alternativefacts,1
bragging,1
nadziejÄ™,1
Å¼e,1
wygrajÄ…,1
votemos,1
poster,1
laminate,1
uuummm,1
#iheartradio,1
publish,1
awwww,1
jennie,1
heathens,1
hiii,1
placeâ¤,1
horizon,1
æœ¨å¹¡â—‹ã ã¨ã‚ã‹ã‚Šã«ãã„ã®ã§ã€ä»–ã®ã‚¹ãƒãƒ¼ãƒ„ã¿ãŸã„ã«ç™»éŒ²åã§åå‰ã®ã¿ã¨ã‹ã«ã—ã¦ã‚‚ã‚‰ã£ãŸæ–¹ãŒã‚ã‹ã‚Šã‚„ã™ã„ã‚“ã˜ã‚ƒãªã„ã‹ãªã€‚,1
#bestfanâ€¦,1
frog,1
pepe,1
kkk,1
prepare,1
#lularoelegginâ€¦,1
pfffff,1
womenblacksthe,1
obviously,1
joshs,1
senate,1
quiero,1
#facts,1
asiğŸ˜­ğŸ˜­ğŸ˜­,1
rtttt,1
retarded,1
#custom_româ€¦,1
chromium,1
supersu,1
adieu,1
bids,1
ğŸ³,1
kms,1
ğŸ™ƒ,1
healed,1
#alternativerockartistoftheyear,1
piercing,1
nipple,1
#ride,1
#alternativerocksongoftheyear,1
rising,1
memories,1
travel,1
ğŸ”¥,1
rtâ€¦,1
trending,1
audra,1
becky,1
brunch,1
boiis,1
#heavydirtyclipe,1
horriblement,1
juste,1
ğŸ’€,1
ğŸ‘ğŸ»ğŸ˜‚,1
manager,1
lied,1
dayğŸ¦„,1
brighten,1
particular,1
hatchet,1
none,1
ecom,1
interested,1
explanation,1
lucid,1
simple,1
horse,1
metal,1
kehlani,1
canâ€™t,1
username,1
names,1
treating,1
greets,1
paying,1
exs,1
fw,1
relate,1
#embarrassinâ€¦,1
blessings,1
kissy,1
wyd,1
sends,1
deletes,1
corny,1
nawl,1
vulgar,1
lyrics,1
offensive,1
hearted,1
cold,1
uneducated,1
assaulting,1
yogurt,1
ğŸ˜©ğŸ’¦,1
debates,1
lands,1
insulted,1
agreed,1
visit,1
ğŸ˜œ,1
crave,1
corrin,1
unicornsğŸ˜,1
emma,1
#comicbook,1
nymph,1
#comic,1
creator,1
#comicbooks,1
zone,1
underwater,1
#illustrationâ€¦,1
juvenile,1
#diycrafts,1
#partyfavors,1
#spaparty,1
#cupcakes,1
favours,1
wine,1
jâ€¦,1
wins,1
â€˜soon,1
unicornsâ€™,1
boeing,1
adaptly,1
office,1
ğŸ‘‘,1
#ecommerce,1
honesty,1
writers,1
shameless,1
thatâ€¦,1
clarity,1
assume,1
automatically,1
bitter,1
jack,1
sleeping,1
sensible,1
eeeeps,1
twin,1
ordered,1
crying,1
options,1
stressful,1
literal,1
cheaper,1
ceiling,1
hoes,1
ğŸ‘€ğŸ˜â¤ï¸,1
meanâ€¦,1
meilleure,1
11yearold,1
#loganâ€¦,1
ğŸ™…ğŸ™…,1
shorty,1
means,1
fb,1
â™¥ï¸,1
bf,1
ğŸ’™ğŸ’›,1
campaign,1
#ncat21,1
ğŸ˜­ğŸ‘ğŸ¾ğŸ‘ğŸ¾ğŸ‘ğŸ¾,1
scholarship,1
ncat,1
accepted,1
ğŸŒˆğŸ˜‚,1
collect,1
efforts,1
trolling,1
sun,1
#uâ€¦,1
#coffee,1
#tunein,1
#heat100radio,1
crew,1
endeavors,1
jingleâ€™,1
blend,1
â€˜rippers,1
Ğ»ĞµĞ¶Ñƒ,1
Ğ²ÑÑĞºĞ¾Ğ¹,1
Ñ€Ğ°Ğ±Ğ¾Ñ‚Ñ‹,1
Ğ·Ğ°ĞºĞ°Ğ·Ğ¾Ğ²,1
Ğ´Ğ¾Ñ…ÑƒÑ,1
climate,1
Ğ½Ğ°Ğ±Ñ€Ğ°Ğ»,1
#snapchat,1
#xiaomi,1
administration,1
Ñ€Ğ¸ÑÑƒÑ,1
Ñ…ÑƒĞµĞ²Ğ¾,1
Ğ²Ğ´Ñ€ÑƒĞ³,1
Ñ€Ğ°Ğ±Ğ¾Ñ‚,1
Ğ¼Ğ¾Ğ¸Ñ…,1
Ğ¿Ñ€Ğ¸Ğ¼ĞµÑ€Ñ‹,1
Ğ¿Ğ¾ĞºĞ°Ğ·Ğ°Ñ‚ÑŒ,1
Ğ·Ğ°ĞºĞ°Ğ·,1
Ğ¿Ğ¾Ñ€Ñ‚Ñ€ĞµÑ‚,1
unicornlandia,1
Ğ³Ğ»ÑƒĞ¿Ñ‹Ğµ,1
Ğ»ÑĞ´Ğ¸,1
bucky,1
sons,1
feat,1
stickers,1
yasha,1
sentence,1
brionnasaid,1
ğŸŒ¬,1
hii,1
1s72,1
makcng,1
#davinsights,1
wasted,1
#askchristian,1
kisses,1
equally,1
universities,1
pharmaceutical,1
#ipadeditâ€¦,1
#canonaustralia,1
sizzled,1
existenceâ€¦,1
brewpublik,1
racist,1
asexuals,1
wksjsjs,1
nerve,1
debtâ€¦,1
headline,1
neverâ€¦,1
scroll,1
sack,1
difficult,1
drowning,1
#loveisreal,1
british,1
deal,1
aca,1
cheat,1
merms,1
yaâ€¦,1
âœ¨ğŸ¦„ğŸ¦„ğŸ¦„ğŸ’–,1
ğŸ˜¢,1
iâ¤ï¸,1
ğŸ˜‡,1
cheering,1
crowd,1
blows,1
brains,1
scheduling,1
#obamacare,1
focused,1
#cnndebate,1
ğŸŒŒ#instamood,1
accuse,1
dignifying,1
#instagood,1
screenshot,1
seconds,1
#instalove,1
#instastyle,1
#highlighter,1
|karlasaysenglish,1
swatches,1
#instafashionâ€¦,1
ÑĞ¿Ğ°ÑĞ¸Ğ±Ğ¾,1
wat,1
hde,1
guard,1
train,1
âœŒğŸ½,1
belive,1
ğŸ˜‚ğŸ‘ŒğŸ¾,1
wit,1
ÑĞµÑÑ‚Ñ€ĞµĞ½ĞºĞ°,1
Ğ¿Ñ€Ğ¸Ğ½ĞµÑĞ»Ğ°,1
carrying,1
ryoma,1
ÑĞ²Ğ¾ĞµĞ³Ğ¾,1
Ğ·Ğ»Ğ¾ĞµĞ±ÑƒÑ‡ĞµĞ³Ğ¾,1
ÑĞ°Ğ´Ğ¸ĞºĞ°,1
Ğ²Ğ¸Ñ€ÑƒÑĞ¾Ğ²,1
pp,1
Â£5,1
combinations,1
range,1
personalised,1
clay,1
acompanha,1
Ğ·Ğ°Ñ€Ğ°Ğ·Ğ¸Ğ»Ğ°,1
prÃ¡tica,1
voltar,1
Ğ²ÑÑ,1
ÑĞµĞ¼ÑŒÑ,1
Ğ±Ğ°Ğ±ÑƒÑˆĞºĞ¸,1
Ğ±Ñ€Ğ¾Ğ½Ñ…Ğ¸Ñ‚,1
Ğ±Ğ»Ğ¸Ğ·Ğ¾Ğº,1
hehehh,1
madurinho,1
colher,1
verde,1
Ğº,1
amooo,1
âš¡ğŸ‘ŠğŸŒš,1
consequÃªncia,1
gera,1
ato,1
Ğ½ĞµĞ¼Ñƒ,1
ĞºĞ»Ğ°ÑÑ,1
mustard,1
jusâ€¦,1
#nakedginger,1
#cam,1
#sexy,1
ğŸ,1
bow,1
tied,1
moving,1
#redheadlove,1
ÑĞ´Ğ¾Ñ…Ğ½Ñƒ,1
shy,1
Ñ€Ğ°Ğ±Ğ¾Ñ‚Ñƒ,1
Ğ¿Ğ¾ĞµĞ´Ñƒ,1
#revote2017,1
loons,1
castles,1
ÑĞµĞ³Ğ¾Ğ´Ğ½Ñ,1
smart,1
ğŸ˜’,1
horngry,1
genuine,1
hilarious,1
Ğ¼Ğ´Ğ°,1
source,1
league,1
wiâ€¦,1
sono,1
perdi,1
acordei,1
searches,1
silence,1
area,1
constituents,1
spray,1
extraterrestrial,1
beings,1
resemble,1
dunno,1
mike,1
pencea,1
makâ€¦,1
personal,1
Â²,1
siiiim,1
herâ€¦,1
episodes,1
reeling,1
crushing,1
ğŸ˜€ğŸ˜ğŸ˜‚,1
galeraaaa,1
revelation,1
â€œexistenceâ€,1
â˜º,1
hmmm,1
placeâ€¦,1
obamacare=disaster,1
utopian,1
profit,1
fixation,1
stocks,1
bowie,1
Ğ´Ğ¾Ğ»Ğ¶ĞµĞ½â€¦,1
Ñ‡Ğµ,1
Ñ‚Ğ°ĞºĞ¸Ğµ,1
Ğ²Ğ´Ğ¾Ñ…,1
Ğ³Ğ»ÑƒĞ±Ğ¾ĞºĞ¸Ğ¹,1
Ğ´ĞµĞ»Ğ°Ğ»Ğ¸,1
Ğ¿Ğ¾Ñ‚Ğ¾Ğ¼,1
Ğ½ĞµĞ³Ğ¾,1
Ğ¿ÑĞ»Ğ¸Ğ»Ğ¸ÑÑŒ,1
Ñ‚ÑƒĞ¿Ğ¾,1
ÑĞ¾Ğ¾Ğ±Ñ‰ĞµĞ½Ğ¸Ğµ,1
Ğ¿Ğ¾Ğ»ÑƒÑ‡Ğ°Ğ»Ğ¸,1
ĞºĞ¾Ğ³Ğ´Ğ°Ğ½Ğ¸Ğ±ÑƒĞ´ÑŒ,1
#tdc1857â€¦,1
roads,1
allâ€¦,1
lead,1
melbourne,1
ÑĞ´Ğ¾Ñ…,1
pixy,1
Ğ´Ğ°,1
Ğ±Ğ¾Ğ»ĞµÑ‚ÑŒ,1
Ğ½ĞµĞ½Ğ°Ğ²Ğ¸Ğ¶Ñƒ,1
#arkansas,1
turnğŸ˜ğŸ˜´ğŸ¦„,1
animaltonight,1
tablet,1
warm,1
bahahahahahahaha,1
younger,1
fuzzies,1
cornwall,1
halfwit,1
#sanderscruzdebate,1
record,1
intended,1
outcomes,1
nicely,1
learning,1
#rainbowsâ€¦,1
brett,1
dawson,1
#chicagofire,1
alicorn,1
#pegacorn,1
#pegacorno,1
Ñ‡Ğ°Ñ€Ğ»ÑŒĞ·,1
ĞºÑĞ°Ğ²ÑŒĞµÑ€,1
Ğ´Ğ¾Ğ±Ñ€Ñ‹Ğ¹,1
ÑĞ¾Ğ±Ñ€Ğ°Ğ½Ğ¸Ğµ,1
Ñ€Ğ¾Ğ´Ğ¸Ñ‚ĞµĞ»ÑŒÑĞºĞ¾Ğµ,1
ÑƒÑÑ‚Ñ€Ğ¾Ğ¸Ğ»Ğ¸,1
ÑĞ»ÑƒÑ‡Ğ°Ğ¹Ğ½Ğ¾,1
Ğ´ĞµĞ»Ğ°,1
Ğ·Ğ»Ğ¾Ğ´ĞµĞ¹ÑĞºĞ¸Ğµ,1
ÑĞ²Ğ¾Ğ¸,1
Ğ¾Ğ±ÑÑƒĞ´Ğ¸Ñ‚ÑŒ,1
ÑĞ¾Ğ±Ñ€Ğ°Ğ»Ğ¸ÑÑŒ,1
ÑĞ¼ĞµÑ€Ñ‚Ğ¸,1
Ğ¿Ğ¾Ğ¶Ğ¸Ñ€Ğ°Ñ‚ĞµĞ»Ğ¸,1
leaderboards,1
crunchbase,1
juicy,1
mongeauidubbbz,1
tana,1
ğŸ¦„ğŸ’«,1
Ñ…Ğ¾Ñ€Ğ¾ÑˆĞ¸Ğ¹,1
Ğ°Ğ½Ğ³Ğ¸Ğ½Ğ°,1
Ñ‚Ğ¾Ğ»ÑŒĞºĞ¾,1
Ñ…Ğ¾Ñ‚ĞµÑ‚ÑŒ,1
Ğ¿Ğ¾Ñ‚Ğ¾Ğ¼Ñƒ,1
ĞµĞ³Ğ¾,1
Ğ¾Ğ½,1
Ğ²Ğ¾Ğ²Ñ€ĞµĞ¼Ñ,1
Ğ²ÑÑ‚Ğ°Ñ‚ÑŒ,1
Ğ¼Ğ¾Ñ€Ğ¾Ğ¶ĞµĞ½Ğ¾Ğ³Ğ¾,1
fam,1
Ñ‚Ğ¾Ğ¹,1
hella,1
Ğ½Ğ¾Ğ³Ğ¸,1
expâ€¦,1
backyard,1
glitzer,1
liebste,1
morgen,1
guten,1
ğŸ¼ğŸ’—,1
macaroons,1
nevermind,1
cuter,1
bottom,1
regal,1
flipping,1
ğŸ¦„ğŸŒ ğŸ”®ğŸ‘â¤ğŸ¤¸â€â™‚ï¸ğŸ™,1
sandersuhunicorns,1
avoid,1
luxurious,1
mane,1
diaaaa,1
institutions,1
thousands,1
amongst,1
stanford,1
doctors,1
freshly,1
creative,1
taken,1
card,1
oracle,1
ğŸ™ŠğŸ’•ğŸ’•,1
inadequatt,1
maving,1
#atleastthewaahingupsdone,1
#tangled,1
ceramic,1
collects,1
vald,1
ĞµĞ±Ğ°Ğ½ÑƒĞ»ÑÑ,1
Ğ´Ğ½Ğ¾,1
Ñ€Ğ°Ğ·Ğ´Ğ²Ğ¸Ğ½ÑƒĞ»,1
Ğ²Ğ¾Ğ´Ñƒ,1
Ğ¿Ñ€Ğ¸Ñ‚Ğ°Ğ¸Ğ»ÑÑ,1
ĞºÑƒÑÑ‚Ğ°Ñ…,1
Ñ‚Ğ¸Ñ…Ğ¾Ğ½ĞµÑ‡ĞºĞ¾,1
Ğ¼Ğ¾Ğ¸ÑĞµĞ¹,1
Ğ²Ğ¾Ğ´Ğµ,1
minted,1
Ğ±ĞµĞ¶Ğ¸Ñ‚,1
listed,1
Ğ¿Ñ€ĞµĞ´ÑÑ‚Ğ°Ğ²Ğ¸Ğ»Ğ°,1
#animegirl,1
#chibidrawing,1
#chibigirl,1
#chibiart,1
edition,1
#unicorngirl,1
ğŸŒ¿,1
chibi,1
busse,1
beschimpfen,1
defense,1
dresden,1
ğŸ˜ğŸ¦„,1
craig,1
dudes,1
dragonsalmost,1
unicornsbut,1
aliens,1
greedier,1
niffler#magicalcreatures,1
room,1
flew,1
dormi,1
aplenty,1
goodness,1
fez,1
manhÃ£,1
chamada,1
generation,1
multi,1
uncle,1
repeal,1
stake,1
pitchbook,1
fsa,1
barack,1
flyers,1
fodase,1
customers,1
sites,1
sandra,1
bland,1
viste,1
sortuda,1
bravery,1
rly,1
cigarro,1
acende,1
lume,1
dÃ¡me,1
entire,1
city,1
ğŸ’”grieving,1
brylee,1
fill,1
pray,1
fazesme,1
cadamy,1
gagas,1
item,1
apoiar,1
slippers,1
ğŸ˜ğŸ¦„ğŸ’–,1
precisar,1
defuntinho,1
friendship,1
flutter,1
xconsiro,1
heals,1
Ğ³Ğ¾Ñ€ÑÑ‡Ğ¸Ğ¹,1
Ñ‚Ğ¾Ğ¼,1
professor,1
Ğ¿Ğ¾ÑˆÑƒÑ‚Ğ¸Ñ‚ÑŒ,1
quirrells,1
#praisesessions,1
Ñ‚ĞµĞ¼Ğ¿ĞµÑ€Ğ°Ñ‚ÑƒÑ€Ñ‹,1
âœŠğŸ¿#rip,1
aqueles,1
mingle,1
tanto,1
custame,1
sauce,1
ğŸ’¨,1
ol,1
clueless,1
matemÃ¡tica,1
ter,1
merece,1
utopia,1
twitler,1
teletubbies,1
#venturecapitalâ€¦,1
communications,1
zoom,1
urwork,1
zhihu,1
#fairies,1
#fairy,1
generationâ€¦,1
legends,1
figurine,1
filming,1
f4,1
tornado,1
touched,1
#themick,1
ğŸ˜†,1
awkward,1
#lastteenyâ€¦,1
orleans,1
camz,1
ğŸ˜³ğŸŒª,1
beam,1
espresso,1
deadpool,1
hubs,1
#brevillevalentine,1
able,1
unicornsbats,1
deeply,1
spottedâ€¦,1
road,1
#iphone7,1
#message,1
#horses,1
#animals,1
inlove,1
#iphone,1
#ios10,1
#text,1
#stickers,1
glittered,1
bbclondonnews,1
#highereducation,1
legal,1
tender,1
dominated,1
ğŸŒ,1
ğŸŒŸğŸ˜‚ğŸ˜ğŸ˜ğŸ˜ğŸ˜,1
#freepornvideos,1
foreverğŸ™ƒ,1
hide,1
curl,1
argh,1
horsewithahorn,1
gâ€¦,1
popsicles,1
#pinterestfail,1
disguised,1
piggies,1
gluten,1
queernessâ€¦,1
hulu,1
vox,1
pizzâ€¦,1
raising,1
lowing,1
wages,1
sincr,1
adequate,1
lunar,1
chronicles,1
quÃª,1
grandes,1
mamas,1
marie,1
lus,1
stiefvators,1
scarlet,1
gaughen,1
gettogethers,1
zu,1
unbedingt,1
solltet,1
dann,1
techindustrie,1
empower,1
shirvington,1
einen,1
sucht,1
meat,1
page,1
wiki,1
cse,1
waco,1
texas,1
frame,1
farm,1
#fixerupper,1
#idreambig,1
lil,1
slight,1
seatac,1
250k,1
incomes,1
anna,1
#delxi,1
lukas,1
smiles,1
angels,1
#phiâ€¦,1
writing,1
spotted,1
fossils,1
#seanspicershobbies,1
ooh,1
tl,1
soros,1
sovereignty,1
nhs,1
Â£350mweek,1
payroll,1
promising,1
amount,1
sand,1
curry,1
#sammiescraftsupplies,1
colours,1
favour,1
added,1
fimo,1
royalty,1
#kgart,1
#ptsd,1
spoil,1
b3d,1
weed,1
shwy,1
ğŸ’•ğŸ’•,1
island,1
groupâ€¦,1
harvesting,1
sneaking,1
ÑÑÑ‚ĞµÑ‚Ğ¸ĞºĞ°,1
Ğ»ĞµĞ½Ñ‚Ñƒ,1
ĞºĞ°Ñ€Ñ‚Ğ¸Ğ½,1
ĞºÑ€Ğ°ÑĞ¸Ğ²Ñ‹Ñ…,1
Ğ¿Ğ¾ĞºĞ¸Ğ´Ğ°Ñ,1
Ğ³Ğ¾,1
#americanidiot,1
ave,1
5th,1
galloping,1
reporting,1
grab,1
partake,1
flavours,1
childrens,1
veryfluffy,1
#superbowl,1
yell,1
scares,1
ad,1
clash,1
#sofi,1
#airbnb,1
#newsrw,1
mood,1
youtuber,1
annual,1
periscope,1
ğŸ˜…ğŸ˜…ğŸ˜…,1
#likeme,1
#followme,1
#featureme,1
#best,1
#crazy,1
fellas,1
#booksfortrade,1
Ã§atlamÄ±ÅŸ,1
#switchedatbirth,1
paralel,1
hatlarÄ±,1
fay,1
niye,1
tedious,1
psychedelic,1
orgies,1
#switchedatbirthchat,1
#edchat,1
#news,1
ğŸ¶â¤#newprofilepic,1
hot,1
western,1
#4amfuckthistweet,1
grind,1
unicornsğŸ’“ğŸ’ƒ,1
represent,1
msi,1
#lovelivelife,1
#mysignature,1
closest,1
roundup,1
keypad,1
Ğ½Ğ°Ñ…ĞµÑ€Ğ°,1
Ğ¿Ğ¸Ñ‚Ğ¾Ğ¼Ñ†Ñƒ,1
ÑĞ²Ğ¾ĞµĞ¼Ñƒ,1
ÑÑ‚Ñ€ĞµÑÑ,1
predictions,1
ÑƒÑÑ‚Ñ€Ğ°Ğ¸Ğ²Ğ°ÑÑ‚,1
Ğ³Ğ¾Ğ½Ğ´Ğ¾Ğ½Ñ‹,1
reports,1
Ğ³Ğ¾ÑĞ¿Ğ¾Ğ´Ğ¸,1
lantinğŸ’–,1
tita,1
#analytics,1
gracie,1
inside,1
#sawagienglish,1
Ğ²ĞµÑ‡ĞµÑ€,1
Ğ¶Ğ´Ğ°Ğ»Ğ°,1
naaaastill,1
Ğ°Ğ°Ğ°Ğ°,1
placeâ™¥ï¸,1
inadeqyate,1
shittyuand,1
scotlands,1
fuckoff,1
#mobileâ€¦,1
#funâ€¦,1
#vr,1
#iot,1
skeptical,1
rabbits,1
unreal,1
#qwsush,1
cal,1
lalba,1
fins,1
perseguir,1
mai,1
fartar,1
incerteza,1
ens,1
defallim,1
louca,1
ppl,1
bromance,1
b4so,1
#erykahbadu,1
ferry,1
#startupasia,1
Ğ¿Ğ¾Ğ¼Ğ¾Ğ³Ğ¸Ñ‚Ğµ,1
Ğ¿Ğ»Ğ¾Ñ…Ğ¾,1
Ñ‡ĞµĞ»Ğ¾Ğ²ĞµĞºÑƒ,1
Ñ‚ÑƒÑ‚,1
#Ğ¶Ğ´ÑƒĞ·Ğ°Ğ´Ğ°Ğ½Ğ¸Ğµ,1
Ğ´Ğ¾Ğ¼,1
ĞºĞ°ĞºĞ¾Ğ¹,1
#knodafactz,1
monte,1
baralho,1
wyeth,1
newell,1
akakak,1
abrirei,1
sala,1
#ÑĞ¸Ğ½â€¦,1
ÑˆĞºĞ¾Ğ»ÑŒĞ½Ğ¸ĞºĞ¾Ğ²,1
ÑÑƒĞ¸Ñ†Ğ¸Ğ´Ğ°Ğ»ÑŒĞ½Ñ‹Ñ…,1
Ğ¾Ñ‚Ğ±Ğ¸Ñ‚Ñ‹Ñ…,1
Ğ½Ğ°Ğ³Ğ»ÑƒÑ…Ğ¾,1
Ğ¿Ñ€ĞµĞ²Ñ€Ğ°Ñ‚Ğ¸Ğ»Ğ¸,1
ĞºĞ¸Ñ‚Ğ°,1
ÑĞ¸Ğ½ĞµĞ³Ğ¾,1
Ğ¿Ñ€ĞµĞºÑ€Ğ°ÑĞ½Ğ¾Ğ³Ğ¾,1
Ğ¼ĞµÑ‡Ñ‚Ñ‹,1
comercialganhar,1
dinheiroâ€¦,1
gravy,1
southern,1
tiem,1
anzu,1
return,1
abs,1
ian,1
coco,1
#newbraunfels,1
#soccer,1
#futball,1
#insurance,1
#digitalmarketing,1
#creditcard,1
#investments,1
#banking,1
#finance,1
unico,1
cosplay,1
maisce,1
oui,1
reconnue,1
#futbol,1
#fussball,1
#calcio,1
snakes,1
bibleâ€,1
mentioned,1
ÑĞ¸Ğ¶ÑƒĞ°Ñ…Ğ°Ñ…Ğ°Ñ…Ğ°Ğ²Ğ¾Ñ‚,1
Ñ‚Ğ²Ğ¸Ñ‚Ñ‚ĞµÑ€Ğµ,1
Ğ½ĞµÑ‚Ğ°,1
ÑĞ¸Ğ´Ğ¸Ñ‚ĞµĞ´Ğ°Ğ°,1
Ğ¸ÑÑ‚Ğ¾Ñ€Ğ¸Ğ¸,1
Ğ¼Ğ¸Ğ½,1
Ğ¾Ğ¿Ğ°Ñ‡ĞºĞ¸ÑƒĞ¶Ğµ,1
#compassion,1
#kindness,1
deed,1
smallest,1
iâ€™d,1
f,1
john,1
defenseless,1
ananda,1
â˜ï¸ğŸ¦„,1
interest,1
maâ€¦,1
virgins,1
#barf,1
outfit,1
#free,1
eventmanagementâ€¦,1
leaves,1
bereich,1
werkstudierendentÃ¤tigkeit,1
oder,1
praktikum,1
einhornoffice,1
verstÃ¤rkung,1
suchen,1
wir,1
abuse,1
cringe,1
deleting,1
Ğ±Ğ°Ğ·Ğ°Ğ½Ğ¾Ğ²Ğ°,1
ĞµĞ»ĞµĞ½Ğ°,1
protesters,1
antimutant,1
oooooh,1
distracted,1
sacred,1
hape,1
padahal,1
idkâ€”,1
semiautomatic,1
kidding,1
ğŸ’—ğŸ’—ğŸ’—,1
alwaysgenuinelyhave,1
muchunicorns,1
summary,1
favorites,1
bit,1
vexed,1
#s,1
#iam,1
#namaste,1
#vision,1
#blessedbe,1
#love,1
#peace,1
#week,1
#wonderful,1
speak,1
dayâ˜º,1
challengeğŸ˜±,1
impossible,1
ft,1
paysnasdaqâ€™s,1
integrity,1
worksmarts,1
duhitzmark,1
dildos,1
#scavengerhunt,1
abt,1
usually,1
finales,1
finale,1
deliver,1
#sdsu3sb,1
india,1
busy,1
govt,1
slipstream,1
slot,1
abortions,1
opportunities,1
growing,1
ups,1
#getyourfactsright,1
reminding,1
ğŸ˜«,1
ni,1
rindu,1
balik,1
cepatlah,1
bryant,1
involved,1
kiara,1
slap,1
bubblesi,1
gays,1
Ğ»Ğ¾Ğ¼Ğ°ĞµĞ²,1
Ğ°Ğ½Ñ‚Ğ¾Ğ½,1
ğŸ™‹ğŸ»,1
ğŸ¤£ğŸ¤£ğŸ¤£,1
twitters,1
generalization,1
lee,1
klim,1
norm,1
scale,1
ğŸ’•ğŸ¦„,1
romancelandia,1
lick,1
narrating,1
documentary,1
expensive,1
merch,1
fucken,1
themselves,1
missionary,1
firend,1
oi,1
blahâ€”she,1
riddled,1
beja,1
characters,1
Â¯_ãƒ„_Â¯,1
glance,1
theyll,1
castle,1
bealive,1
dragonsunicorns,1
kiting,1
stretchy,1
gryphonsâ€¦,1
limited,1
ramen,1
xl,1
m,1
procurar,1
restocking,1
fromâ€¦,1
energy,1
tinder,1
loud,1
#corpgovâ€¦,1
e27,1
#gethunted,1
cleans,1
dies,1
expected,1
clapping,1
emâ€¦,1
obvious,1
perfection,1
hernan,1
argument,1
ğŸ¶,1
cushioncutenessoverload,1
enviado,1
waking,1
sinci,1
pedido,1
aguentar,1
appreciation,1
petunia,1
college,1
lose,1
morgans,1
conways,1
continual,1
gundam,1
points,1
â€¦what,1
Ğ²Ñ€ÑƒĞ±ĞµĞ»ÑŒ,1
Ğ¼Ğ¸Ñ…Ğ°Ğ¸Ğ»,1
cea,1
pivots,1
procurement,1
deceiveâ€¦,1
passed,1
#edchatuk,1
#commisionâ€¦,1
kicking,1
moonicorn,1
spots,1
#painting,1
Ğ¿Ğ¾ÑĞ¸Ğ´ĞµĞ»ğŸ¦„,1
Ğ²Ğº,1
Ñ‚Ğ²Ğ¸ÑÑ‚Ğ°Ğ±ĞµĞ¸Ğ½ÑÑ‚Ğµ,1
ÑĞ´ĞµĞ»Ğ°Ğ»Ğ¸Ğ½Ğ¸Ñ‡ĞµĞ³Ğ¾Ğ°,1
Ğ¾Ğ½Ğ¸,1
ÑƒÑ€Ğ¾ĞºÑ‡Ñ‚Ğ¾,1
Ğ¿ĞµÑ€Ğ²Ñ‹Ğ¹,1
Ğ·Ğ°ĞºĞ¾Ğ½Ñ‡Ğ¸Ğ»ÑÑ,1
Ğ½Ğ¸Ñ…,1
robbing,1
avocados,1
#troll,1
unpopular,1
wâ€¦,1
#notplayingthatgame,1
renegades,1
ğŸ’©ğŸ¦„,1
lesbians,1
dwarfs,1
#rebels,1
sitting,1
wxia11,1
freeman,1
morgan,1
kindness,1
act,1
grail,1
#world,1
somewhere,1
meadow,1
anxiety,1
secrets,1
unhealed,1
beasts,1
financial,1
acid,1
experiment,1
#ecoâ€¦,1
#ondemand,1
#bigdata,1
sector,1
warp,1
infographic,1
deny,1
hallucinogens,1
playing,1
peter,1
beagle,1
lionstigersâ€¦,1
mascots,1
sukan,1
lyrical,1
interactions,1
jaguh,1
lularoes,1
llamacorn,1
#judgeroberts,1
#lulabro,1
choosen,1
sheep,1
rather,1
flickr,1
kylesipple,1
canyonphoto,1
millcreek,1
justtendingmyunicorns,1
style,1
5k,1
filter,1
icondone,1
ily,1
stylized,1
amoâ¤,1
shook,1
flower,1
pewdiepies,1
Ğ²Ğ¾Ğ·Ğ½Ğ¸ĞºĞ½ĞµÑ‚,1
Ğ²Ñ‹Ğ¿Ğ¸Ğ»Ğ¸Ñ‚ÑŒÑÑ,1
ğŸŒ¼ğŸ’•,1
Ğ¼Ñ‹ÑĞ»Ğ¸,1
veeer,1
Ñ‡ĞµĞ»Ğ¾Ğ²ĞµĞºĞ°Ğ¸Ğ±Ğ¾,1
implorar,1
comigo,1
Ğ²Ğ¾ÑĞ¿Ğ¸Ñ‚Ñ‹Ğ²Ğ°Ñ‚ÑŒ,1
Ğ½Ğ°Ğ´Ğ¾Ğ°,1
Ğ¾Ğ³Ñ€Ğ°Ğ¶Ğ´Ğ°Ñ‚ÑŒ,1
#unicornsğŸŒˆ,1
messages,1
deixa,1
elaine,1
reading,1
rizza,1
angela,1
ĞºĞ¾Ğ½ÑŒ,1
Ğ°ĞºĞ¸,1
Ğ°Ñ…Ğ¿Ñ…Ğ°Ğ°Ñ…Ğ¿Ñ…Ğ¿Ñ…,1
butâ€¦,1
subgroups,1
dias,1
seguidos,1
ğŸ˜©ğŸ˜©ğŸ˜©,1
#tsrcelebritylookalikes,1
#jacquees,1
#quavo,1
ğŸ™ŒğŸ™ŒğŸ™ŒğŸ™ŒğŸ™ŒğŸ™Œ,1
ate,1
lua,1
querendo,1
boca,1
mantra,1
restoration,1
almighty,1
pleasant,1
destruction,1
performances,1
happening,1
t8,1
hktag,1
entry,1
confirmed,1
xuan,1
droopy,1
morons,1
mice,1
dimwitted,1
libs,1
sageuk,1
ÑÑ‚Ñ€Ğ°ÑˆĞ½Ğ¾,1
treats,1
Ğ¿Ñ€Ğ¾Ğ¿Ğ°Ğ»Ğ²Ğ¾Ñ‚,1
ĞºĞ¾Ñ„Ğµ,1
Ğ¿Ğ°ĞºĞµÑ‚,1
#sugarrushğŸ¦„ğŸŒˆğŸ¦„,1
#hotchocolate,1
ĞºĞ¸Ñ‚Ñ‹,1
ÑĞ¸Ğ½Ğ¸Ğµ,1
Ğ´Ğ¾Ğ¼Ğ°,1
Ñ‚Ğ¸Ñ…Ğ¸Ğµ,1
Ğ²Ğ°ÑˆĞ¸,1
Ñ…ĞµÑ€Ğ½Ñ,1
ğŸ³ğŸ³ğŸ³,1
inadequatz,1
makhng,1
#foodâ€¦,1
pumpkin,1
starlight,1
bâ€¦,1
ğŸ˜‚ğŸ˜¢ğŸ˜ğŸ˜³,1
turned,1
#mlpseason2,1
ago,1
signs,1
existed,1
agenjo,1
liveâ€¦,1
Ğ°Ñ…Ğ°Ñ…Ğ°,1
Ğ¿Ğ¾Ğ½Ñ€Ğ°Ğ²Ğ¸Ğ»Ğ¸ÑÑŒ,1
ĞºĞ¾Ğ¼Ñƒ,1
Ğ½Ğ°Ğ´ĞµÑÑÑŒ,1
Ñ…ÑƒĞ´Ğ¾Ğ¶Ğ½Ğ¸ĞºĞ¾Ğ²,1
Ñ‚Ñ€Ğ¸Ğ²Ğ¸Ğ°Ğ»ÑŒĞ½Ñ‹Ñ…,1
Ğ²Ñ‹Ğ±Ğ¸Ñ€Ğ°Ñ‚ÑŒ,1
ÑÑ‚Ğ°Ñ€Ğ°Ğ»ÑÑ,1
Ğ¼ĞµĞ½ÑŒÑˆĞµ,1
Ğ±ÑƒĞ´ĞµÑ‚,1
Ğ´ÑƒĞ¼Ğ°Ğ»,1
Ğ½ĞµĞ¿Ğ»Ğ¾Ñ…Ğ¾,1
Ñ‚Ğ¾Ğ¶Ğµ,1
Ğ»Ğ°Ğ¹ĞºĞ¾Ğ²,1
Ğ»Ğ°Ğ´Ğ½Ğ¾,1
#thefosterschat,1
tire,1
âœ¨ğŸ¦„â€¦,1
brother,1
semana,1
faltar,1
seaâ€¦,1
raiva,1
cedoestou,1
despertou,1
shocked,1
#orlandobrown,1
gives,1
crook,1
lib,1
incident,1
worg,1
involving,1
peson,1
bestest,1
#casimodanl,1
#kopen,1
hoesjes,1
liesâ€¦,1
#kekepalmâ€¦,1
#iyanlavanzant,1
backlash,1
fathers,1
#roommates,1
headed,1
#happywednesday,1
#beinspired,1
#behappy,1
#glitter,1
church,1
color,1
seattle,1
#trayvonmartin,1
orange,1
22years,1
#tsrbirfdayz,1
nwt,1
ğŸˆ,1
griffons,1
lover,1
tee,1
snapdealâ€¦,1
#brandy,1
#bookbuzzr,1
husky,1
kia,1
#jeniferlewis,1
anthem,1
ğŸ˜‚ğŸ™ŒğŸ¾,1
#fivestarempiâ€¦,1
#fivestarâ€¦,1
#ashanti,1
houston,1
ğŸ˜©ğŸ˜ğŸ™ŒğŸ¾,1
boo,1
#tsrsickpick,1
delete,1
contact,1
thread,1
Ğ»Ğ¸Ğ¿ĞºĞµ,1
Ğ¼Ğ°Ğ»ĞºĞ¾Ğ»ÑŒĞ¼,1
ğŸ˜ŠğŸ˜‚,1
hahahahahahha,1
realğŸ˜ğŸ˜˜,1
unfollow,1
ğŸ˜¤ğŸ˜¤,1
seekers,1
finished,1
genki,1
dj,1
remix,1
jakazid,1
fcuk,1
buttons,1
seasons,1
#tsrbiâ€¦,1
fui,1
cinema,1
piolhagostei,1
gesto,1
animar,1
ğŸ˜ğŸ‘ŒğŸ¼,1
inspired,1
european,1
hunts,1
pirates,1
cheâ€¦,1
fucks,1
witches,1
zayn,1
ğŸ’˜ğŸ’˜,1
hunters,1
doneâ€¦,1
â¤â¤â¤â¤â¤,1
ğŸ’,1
babes,1
unconditional,1
camouflage,1
yessss,1
#murica,1
enjoyed,1
#protonsmeetup,1
grateful,1
ğŸ’ši,1
freak,1
strangers,1
took,1
finish,1
fÃ¡cil,1
atrai,1
minions,1
unicornstrailing,1
mountain,1
climbing,1
#lou,1
arzaylea,1
colliding,1
afasta,1
gentleman,1
jam,1
uni,1
unicornspegacorns,1
step,1
braden,1
hospital,1
grandfather,1
visiting,1
wyn,1
mornings,1
shanes,1
whaâ€¦,1
arms,1
pÃ£o,1
cyou,1
snah,1
clue,1
questÃ£o,1
magnetâ€¦,1
fridge,1
pin,1
maneira,1
nc,1
penguin,1
square,1
purchased,1
pensam,1
gosh,1
ğŸ˜Š,1
hump,1
1Âª,1
conheceram,1
dps,1
comparam,1
tipo,1
fds,1
sabia,1
issoâ€¦,1
surface,1
rwy,1
teamthat,1
assurance,1
tide,1
works,1
civil,1
#xboxone,1
tasked,1
dreeeeaaaams,1
ocean,1
visions,1
shadow,1
staff,1
sc,1
wireless,1
controller,1
advt,1
chains,1
england,1
shitiy,1
kingdom,1
mysims,1
aud,1
somewhereğŸ˜‚,1
nononononononono,1
â˜€ï¸ğŸŒ²ğŸŒ»ğŸŒ±,1
inclusion,1
unity,1
paymenâ€¦,1
#craycray,1
unicornsğŸ¦„ğŸ™ŒğŸ¼,1
collecting,1
#edutweets,1
toenails,1
fingernails,1
supermoâ€¦,1
secretly,1
mcconnell,1
mitch,1
courteous,1
bonnie,1
makong,1
#lulaaddictionâ€¦,1
#gracecharmandhustle,1
#lularoegigisophia,1
#threadsofjoy,1
ladies,1
eenigenburg,1
knockin,1
saltzman,1
alaric,1
argent,1
chris,1
darlin,1
motorola#startup,1
reddoorz,1
damnit,1
ğŸ˜¶,1
ğŸ’ğŸ‘Œ,1
bisexuals,1
shape,1
democrats,1
ğŸ˜±ğŸ¦„,1
teach,1
ğŸ’˜ğŸ˜ğŸ¦„ğŸŒˆ,1
ğŸ¦„âš¡ï¸Â¿new,1
hows,1
negativity,1
montâ€¦,1
afraid,1
curious,1
earthğŸ¦„ğŸŒ,1
#unicornssparkle,1
strawberry,1
fall,1
ğŸ¦„âœ¨ğŸ¦„,1
pride,1
winner,1
humanoid,1
astrazeneca,1
morphe,1
brushes,1
#networkit,1
#innovatorsrace50â€¦,1
monkeys,1
arctic,1
deve,1
sooner,1
dries,1
ruim,1
fell,1
faculdade,1
conhecer,1
smp,1
talented,1
acostumado,1
seus,1
false,1
orâ€¦,1
puking,1
phobia,1
bye,1
weapons,1
systems,1
soldiers,1
nuclear,1
adenatfriedman,1
arsenals,1
#knâ€¦,1
maintained,1
betterğŸŒˆâ¤,1
btw,1
nude,1
gettingâ€¦,1
artist,1
certainly,1
badassesâ€¦,1
aw,1
tacky,1
glasses,1
massâ€¦,1
quelli,1
voti,1
miei,1
tranne,1
lamore,1
delluomo,1
storia,1
spazio,1
foil,1
anche,1
limiti,1
hats,1
kingston,1
numeri,1
ğŸ¦„ğŸ’œâœ¨ğŸŒˆâ€¦,1
#lularoekathleenhood,1
â¤ğŸ¦„â¤ğŸ¦„â¤ğŸ¦„â¤,1
rovers,1
nonsense,1
lying,1
valeâ€¦,1
biggest,1
january,1
leaf,1
macarons,1
clovers,1
#evangelion,1
hikari,1
gendo,1
husbando,1
dearest,1
cycle,1
thisâœ¨ğŸ¦„,1
actual,1
sudden,1
rape,1
jed,1
conscious,1
Ø¨ØªØ¹Ø¦Ø¯,1
ÙˆØ§Ù„Ø·Ù„ÙˆØ¹Ø§Øª,1
Ø§Ù„Ù†Ø²ÙˆÙ„Ø§Øª,1
Ø¨ÙƒÙ„,1
ØªØªØ­ÙƒÙ…,1
Ø¹Ù…,1
ÙƒÙŠÙ,1
ØµÙˆØªÙ‡Ø§,1
comp,1
hcqb,1
continuity,1
sided,1
kristina,1
backing,1
shadrach,1
meshach,1
abed,1
nego,1
crowns,1
orphans,1
ğŸ‘ğŸ»ğŸ‘ğŸ»lets,1
dealing,1
#wherecanigetaunicorn,1
#thisisnotnormal,1
âˆ†,1
snapsâ€¦,1
cays,1
exuma,1
ğŸ¦„ğŸ¬boating,1
swim,1
woke,1
exits,1
ipo,1
meditation,1
_government_,1
#fucktrump,1
#phaseouttrudeau,1
defending,1
#doggerel,1
sunni,1
hidden,1
trample,1
ways,1
#realâ€¦,1
yellow,1
#jollyllb2,1
contrary,1
presented,1
#madisonwisconsin,1
#toptourmedia,1
#loveyouboth,1
alligators,1
#twentyoneâ€¦,1
ninjas,1
pouches,1
#2pencilchat,1
embarrassing,1
buzz,1
ğŸ˜‚â‰,1
ğŸ¤”ğŸ˜’,1
street,1
#dstrong,1
however,1
apply,1
sober,1
addictsalcoholics,1
regardless,1
racegendersexualityğŸ¦„ğŸ’•ğŸ¦„,1
#darkmoney,1
furious,1
plated,1
compatibility,1
maths,1
#aintnobodyâ€¦,1
playland,1
olha,1
showsâ€¦,1
dancinha,1
ğŸ‘¸ğŸ»ğŸ‘¸ğŸ¼,1
queens,1
starsğŸŒŸ,1
guardar,1
elsewhere,1
#romaniaviitorului,1
sergiu,1
radu,1
prey,1
#arnabgoswami,1
lava,1
spittin,1
soooo,1
#colorful,1
journalist,1
#rainbowbaby,1
99p99cents,1
contains,1
#newborns,1
girlâ€™s,1
#babygownâ€¦,1
download,1
aged,1
yuge,1
rolling,1
Ğ¾Ğ±Ğ¾,1
Ğ¿Ğ¾Ğ´ÑƒĞ¼Ğ°ÑÑ‚,1
Ğ¿Ğ¸ĞºÑ‡Ñƒ,1
ÑÑ‚Ñƒ,1
Ğ½Ğ°Ğ¹Ğ´ÑƒÑ‚,1
ĞºĞ¾Ğ¼Ğ¿Ğµ,1
Ğ¼Ğ¾ĞµĞ¼,1
unicornsraptors,1
ÑƒĞ¼Ñ€Ñƒ,1
Ğ²Ğ½ĞµĞ·Ğ°Ğ¿Ğ½Ğ¾,1
#twitch,1
ğŸ˜˜ğŸ’•,1
walters,1
steady,1
ğŸ•ğŸ•ğŸ•ğŸ•ğŸ•ğŸ¦„ğŸ¦„ğŸ¦„ğŸ¦„ğŸ¦„ğŸ¦„,1
lyfe,1
carried,1
theirâ€¦,1
pics,1
ğŸ˜“,1
mÃºsica,1
viciada,1
ğŸ’—ğŸ™†ğŸ»,1
â™«,1
conferenceâ€¦,1
sponsor,1
hilariousğŸ˜‚,1
holeâ€¦,1
electoral,1
promises,1
realize,1
ğŸ˜ğŸ¦„âœ¨,1
mayors,1
itâ€™s,1
#wednesdaywisdom,1
therapy,1
urine,1
nazi,1
peaceful,1
eg,1
#unicornsğŸ¦„â€¦,1
maneating,1
foolishness,1
pointed,1
lit,1
oxymoron,1
offend,1
previous,1
held,1
delivery,1
ĞµÑÑ‚ÑŒĞ½Ğ¾,1
ğŸ˜±ğŸ¤¤ğŸ’–ğŸ¦„,1
#pltstyle,1
boyfriend,1
games,1
disney,1
felt,1
fleeting,1
#booth7050,1
tradeshow,1
disciplined,1
#eâ€¦,1
chow,1
brought,1
#shepersists,1
wmartellus,1
amazon,1
pres,1
skipped,1
brady,1
benefits,1
Ñ€Ğ°Ğ´ÑƒĞ¹Ñ‚ĞµÑÑŒ,1
Ğ´Ğ»Ğ¸Ñ‚ÑÑ,1
Ğ³Ğ¾Ğ´Ğ°,1
Ğ°Ğ¶,1
Ğ¿Ñ€Ğ°Ğ·Ğ´Ğ½Ğ¸Ğº,1
Ğ¿Ñ€Ğ¾Ñ„ĞµÑÑĞ¸Ğ¾Ğ½Ğ°Ğ»ÑŒĞ½Ñ‹Ğ¹,1
Ğ²Ğ°Ñˆ,1
Ñ‚Ğ²Ğ¸Ñ‚Ñ‚ĞµÑ€ÑĞºĞ¸Ğµ,1
Ğ¿ÑĞ¸Ğ½Ñ‹,1
â€“Ğ³Ğ¾Ğ´,1
Ğ¿ĞµÑ‚ÑƒÑ…Ğ°,1
Ğ³Ğ¾Ğ´,1
standard,1
hardcore,1
skulls,1
clean,1
coal,1
unicornsğŸ˜,1
plants,1
pie,1
ğŸ¤£,1
kssn,1
johnson,1
ed,1
saat,1
wolf,1
robbins,1
goldfish,1
#kellyannelies,1
#kcconjobğŸ˜,1
poverty,1
dictators,1
violence,1
police,1
dystopia,1
awful,1
alt,1
release,1
identity,1
fatal,1
exeter,1
#assholes,1
filmed,1
#goodcops,1
crash,1
victim,1
squirrels,1
zombies,1
eindhoven,1
skills,1
identification,1
observation,1
kd,1
kids|,1
â˜ºï¸â˜ï¸ğŸ¦„ğŸŒˆ,1
reajuste,1
salarial,1
unicornsaquabeads,1
hÃ¡,1
sete,1
familiares,1
policiais,1
militares,1
bloquearam,1
saÃ­das,1
quartÃ©is,1
cidades,1
kunst,1
nâ€¦,1
auch,1
wÃ¤hlen,1
afd,1
trotzdem,1
haben,1
gefÃ¼hl,1
schlechtes,1
ein,1
bei,1
#stem,1
tie,1
brand,1
champions,1
breakfast,1
ğŸ–ğŸ¨ğŸ™ŒğŸ»ğŸ˜‚,1
#trumplovesunicorns,1
cloth,1
elvis,1
shitting,1
split,1
dollars,1
ruth,1
weee,1
audio,1
pressure,1
plates,1
fckgirl,1
musically,1
compilation,1
disrespect,1
shall,1
willing,1
throw,1
hands,1
ğŸ“¸,1
ğŸ˜­ğŸ’“,1
tantissimoğŸ’—,1
preggo,1
ci,1
auguriâ¤ï¸,1
sisterğŸ˜­ğŸ’•,1
fare,1
potreste,1
dificil,1
compleanno,1
Ã¨,1
oggi,1
hook,1
captain,1
moÃ§a,1
jimin,1
happens,1
adrenalina,1
videoclip,1
omma,1
fuori,1
alle,1
venerdÃ¬,1
â€œadrenalinaâ€,1
vÃ­deo,1
jin,1
luv,1
lily,1
laughyour,1
awsome,1
viernes,1
smilingâ¤ğŸ˜ğŸ¦„ğŸ¦„â€¦,1
kickâ€¦,1
disparage,1
assoc,1
zebra,1
zebras,1
#notsomuch,1
uxâ€”,1
justin,1
apresenta,1
inÃ­cio,1
vÃ­deos,1
quÃ£o,1
famoso,1
#loveyourself,1
peito,1
preciso,1
ğŸ˜†ğŸ˜†ğŸ˜†,1
chamar,1
minxy,1
ngm,1
legally,1
corpo,1
rss,1
bats,1
ĞºĞ°Ğ¿ĞµÑ†,1
todaymaybe,1
attitudes,1
positive,1
vibes,1
receive,1
#gop_alert,1
despitâ€¦,1
conspiracy,1
wouldnâ€™t,1
theorist,1
inâ€¦,1
esqueci,1
calminha,1
communicating,1
books,1
powerful,1
boobs,1
pull,1
alzheimers,1
#gelnailsâ€¦,1
#unicornswag,1
#nails,1
#nailart,1
#magicalmanicure,1
ğŸŠğŸ‰,1
#1,1
nails,1
ğŸ¦„ğŸ•¶ğŸ˜â€¦,1
sunglasses,1
billboard,1
rb,1
chart,1
#sweetsexysavage,1
ğŸ’ğŸ’„ğŸ”«ğŸ”¥ğŸŒŠ,1
indentured,1
emancipation,1
proclamation,1
#tempertantrumsrsoyesterday,1
northern,1
calls,1
#iwantmybabaandblankie,1
chorando,1
noah,1
won,1
#bowling_king,1
boss,1
butthole,1
softserve,1
icecream,1
#aintnobodygottimeforthat,1
#trumpreality,1
#wearenotthisâ€¦,1
#fakenewsmedia,1
#nailpolishâ€¦,1
#vegan,1
#wishlist,1
#gothwear,1
stunning,1
polish,1
shift,1
#fakenewsjournalists,1
radioactive,1
slumber,1
eternal,1
#parenting,1
#kids,1
training,1
floating,1
press,1
#foodforthought,1
typo,1
lame,1
explicaÃ§Ã£o,1
ğŸ’œğŸ¦„ğŸ’œğŸ¦„ğŸ’œ,1
#lifeofme,1
#inspire,1
#inspiration,1
#lifequotes,1
mcdonalds,1
fries,1
nacho,1
30k,1
arrivati,1
burger,1
junto,1
ç¬¬3å›tokyo,1
æ…¶æ‡‰ç¾©å¡¾å¤§å­¦å¯¾ç«‹å‘½é¤¨å¤§å­¦1225æ¨ªæµœã‚¹ã‚¿ã‚¸ã‚¢ãƒ ,1
cantar,1
veeem,1
crushs,1
pros,1
apontar,1
palco,1
subir,1
siimmmm,1
#youhadtobethere,1
badasses,1
#2016,1
#tokyobowl,1
#æ…¶æ‡‰ç¾©å¡¾å¤§å­¦,1
#ç«‹å‘½é¤¨å¤§å­¦,1
#panthersâ€¦,1
gameplay,1
closet,1
raimbows,1
ce,1
h1z1,1
noya,1
taller,1
julie,1
militar,1
policia,1
vehicles,1
autonomous,1
recebe,1
startupsthe,1
savvy,1
vedade,1
treinameto,1
empatia,1
count,1
ex,1
worst,1
basketball,1
passes,1
chega,1
football,1
dives,1
volleyball,1
traficate,1
rebolar,1
ia,1
pensaram,1
cÃªs,1
fuzil,1
moments,1
caralhoooo,1
pol,1
desarma,1
economizar,1
comeÃ§ar,1
assaltando,1
orgulhoo,1
emprestei,1
fesfpop,1
passado,1
devolveu,1
yaass,1
dood,1
hit,1
spamÂ©,1
factories,1
adora,1
frente,1
outros,1
daaaaa,1
#unicorns4life,1
ğŸ‘ŒğŸ»ğŸ‘ŒğŸ»,1
#freebiefriday,1
#coconutlane,1
cookie,1
dip,1
cheesecake,1
cakes,1
raspberry,1
Ğ¾ÑˆĞ¸Ğ±ĞºĞ¾Ğ¹,1
Ñ‡ÑƒĞ²ÑÑ‚Ğ²ÑƒÑ,1
Ğ²ÑĞµ,1
Ğ´ĞµĞ½ÑŒ,1
shoprite,1
Ğ·Ğ°,1
Ğ¼Ñ‘Ğ´,1
Ğ»Ğ¸Ğ¼Ğ¾Ğ½Ğ°,1
masoq,1
Ğ¶ĞµĞ»ÑƒĞ´ĞºĞµ,1
Ğ¼Ğ¾Ñ‘Ğ¼,1
madeâ˜ï¸ğŸŒˆ,1
hence,1
#headintheclouds,1
brings,1
#laviecheri,1
â˜ï¸,1
hahahahaha,1
packaging,1
projects,1
#mcdanno,1
tadinhoooooo,1
worldscenario,1
stating,1
mockingly,1
rindo,1
tearâ€¦,1
whispers,1
âœ¨bothâœ¨,1
iit,1
chique,1
politically,1
fala,1
transtorno,1
mentions,1
alimentar,1
ğŸ˜’ğŸ’¯,1
ğŸ˜ğŸŒˆ,1
alheio,1
mermaid,1
hippy,1
potato,1
ãƒšã‚¤ãƒˆãƒªã‚ªãƒƒãƒ„ãŒsbå¤§é€†è»¢å‹åˆ©,1
dafuq,1
spamif,1
sue,1
ğŸŒƒ,1
unamerican,1
stayed,1
shouldve,1
fighting,1
associate,1
regime,1
prime,1
minister,1
procedure,1
snl,1
closermore,1
grim,1
reaper,1
tolerable,1
midori,1
shura,1
xue,1
bbut,1
recall,1
aprons,1
frilly,1
members,1
invaded,1
state,1
destroy,1
controls,1
legitimate,1
boii,1
#cafepress,1
suppose,1
hoodies,1
smartest,1
poo,1
smarter,1
adam,1
progressivestwitter,1
zenyatta,1
skin,1
tripping,1
folk,1
fought,1
whyyyyy,1
lsd,1
engineer,1
water,1
fluoride,1
hired,1
flyingcar,1
noÃ§Ã£o,1
imenso,1
implica,1
#flyingcars,1
#newvettingquestions,1
competiÃ§Ã£o,1
alta,1
atleta,1
mirthful,1
closed,1
taxes,1
curriculum,1
doors,1
chit,1
dumpster,1
chatting,1
grade,1
2nd,1
spend,1
riley,1
ğŸ˜‚ğŸ˜ğŸ‘,1
meand,1
icq,1
waha,1
anymore,1
glaze,1
fuckgirl,1
musicallys,1
bothering,1
indicate,1
carnage,1
vision,1
priâ€¦,1
secretive,1
ğŸ˜Ÿ,1
ctz,1
shoe,1
nd,1
astonishing,1
scrub,1
fromğŸ¦„,1
eek,1
premium,1
switching,1
cousins,1
paleontologists,1
dinos,1
#embracechange,1
righteousness,1
obgd,1
sessÃ£o,1
tarde,1
italy,1
izzy,1
gigantic,1
fussed,1
bucks,1
Ğ±Ñ€Ğ°Ñ‚ĞºĞ°,1
Ğ¿Ñ€Ğ·,1
Ñ‡Ğ¸ÑÑ‚Ğ¾,1
giant,1
lolnow,1
otherwise,1
wwe,1
fuckâ€¦,1
meğŸ’­i,1
firetrucks,1
#trumpsgoats,1
aug,1
assembled,1
fantastical,1
fetishizing,1
#heman,1
request,1
formal,1
#liono,1
#obiwan,1
#lisafrank,1
sori,1
nascer,1
algo,1
lembra,1
poooohan,1
kinney,1
indignant,1
11year,1
usar,1
maquiagem,1
boogeyman,1
supremacist,1
homem,1
gosta,1
mulher,1
idea,1
maquiada,1
putin,1
signo,1
touro,1
sensitive,1
escorpiÃ£o,1
sikk,1
nations,1
opinions,1
based,1
#ass,1
Ã³tima,1
definiÃ§Ã£o,1
hein,1
#wtf,1
sozinha,1
dinofauro,1
ğŸ˜ğŸ¦„ğŸ³ï¸â€ğŸŒˆğŸ‰,1
fiz,1
barraco,1
aq,1
dito,1
cancelada,1
sendo,1
logada,1
goats,1
surprisingly,1
#bbc,1
homelessness,1
veterans,1
aaaaaaaaaaaah,1
ğŸ˜·,1
destroys,1
emotionally,1
hezlp,1
melt,1
intentions,1
whose,1
soul,1
jus,1
reimagine,1
remaster,1
ğŸ˜­ğŸ˜,1
dinner,1
yâ€¦,1
dates,1
awnnnn,1
younass,1
traindo,1
isak,1
fea,1
backğŸ’™,1
beacon,1
sooo,1
goodmorning,1
stg,1
â¤ğŸ’œğŸ’•,1
miÅ‚oÅ›ci,1
jestem,1
hills,1
revolution,1
mystic,1
paletke,1
sobie,1
kupiÅ‚am,1
guessğŸ˜‚,1
falls,1
harry,1
potter,1
livers,1
rings,1
social,1
zombie,1
wouldve,1
showing,1
lace,1
pregnant,1
ğŸ˜,1
viruses,1
winged,1
10b,1
max,1
chimeras,1
#gaysgetsparkles,1
270mand,1
inherited,1
unicornshe,1
seriouslyif,1
likeğŸ˜…,1
ğŸ¦„ğŸ¦„ğŸ¦„,1
socorrokhbkvbv,1
scott,1
michael,1
daughters,1
realist,1
pessimist,1
optimist,1
backpack,1
hornâ€¦,1
â€¢flipped,1
â€¢writer,1
oc,1
ukulelâ€¦,1
potatoes,1
wk,1
bday,1
bk,1
2nite,1
21p,1
rampant,1
safety,1
stabbed,1
â€¢mirrored,1
gets,1
cooluntil,1
literacy,1
although,1
â€¢râ€¦,1
Ğ²ĞµÑ‡Ğ½Ğ°,1
Ğ¿ĞµÑĞ½Ñ,1
ÑÑ‚Ğ°,1
ja,1
viu,1
serie,1
teu,1
weeknd,1
xeroque,1
í–ˆë‹¤,1
ê²Œì„ì„,1
ê°”ì–´ìš”,1
2500ì›ìœ¼ë¡œ,1
ì‚°ë“¤ì´ëŠ”,1
ê°”ê³ ,1
dylan,1
season,1
500ì›ìœ¼ë¡œ,1
ì €ëŠ”,1
ìˆëŠ”ë°ìš”,1
ì˜¤í•´ê°€,1
6b,1
#teenwolf,1
unexpectedly,1
storm,1
somehow,1
toothbrush,1
hillary,1
winthat,1
ì˜¤ë½ì‹¤ì—ì„œ,1
morta,1
ĞºĞ»Ğ¸Ğ¿,1
#í–‰ë‹˜ë“¤,1
ì¶•í•˜í•´,1
ì¡¸ì—…,1
ì •êµ­ì•„,1
ğŸ˜â—â—â—,1
yesss,1
clip,1
paradise,1
#jimin,1
Ã¡lbum,1
#quoteoftheday,1
cafeteria,1
sb,1
consider,1
pause,1
pigs,1
ğŸ½,1
morrendo,1
swedish,1
trynna,1
partner,1
beers,1
sigam,1
feira,1
Ğ´Ğ°Ñˆ,1
Ğ¿Ğ¸ÑĞµÑ†,1
Ğ±Ñ‹ÑÑ‚Ñ€ĞµĞ¹,1
ÑĞ¼Ğ¾Ñ‚Ñ€Ğ¸,1
pews,1
iremos,1
leapfrog,1
mold,1
jello,1
wedding,1
notes,1
retribuir,1
edit,1
desanimadas,1
Ğ½Ğ°Ğ·Ñ‹Ğ²Ğ°ĞµÑ‚ÑÑ,1
acontecer,1
acordem,1
partyâ€¦,1
setecentos,1
sintam,1
poder,1
elses,1
yeti,1
prestem,1
merlyn,1
choices,1
contrâ€¦,1
passam,1
ajudando,1
mantermos,1
ritmo,1
Ãºltimo,1
directioners,1
ÑƒÑĞ¿ĞµĞ»Ğ°,1
Ğ°Ñ…Ğ°Ñ…Ğ°Ñ…,1
ĞºĞ¾Ñ€Ğ¾Ñ‡Ğµ,1
ÑÑƒĞ¼ĞºĞ¾Ğ¹,1
irÃ£o,1
Ğ²Ğ¸Ğ´ĞµĞ¾,1
orgulhar,1
esforÃ§o,1
conseguimos,1
ÑƒĞ´Ğ°Ğ»Ğ¸Ğ»Ğ¸,1
ultrapassar,1
ğŸ˜¤,1
estÃ¡vamos,1
conseguir,1
ajudar,1
baaby,1
quite,1
baaaby,1
unido,1
estava,1
desanimar,1
hoe,1
#onedbestfâ€¦,1
rt=um,1
gameâ€¦,1
rt=,1
mÃ¡ximo,1
wallpaper,1
ofc,1
possÃ­vel,1
preguiÃ§a,1
votâ€¦,1
ativa,1
ajudem,1
salt,1
opportunist,1
maÃ±ana,1
alarma,1
suena,1
chicago,1
agoraaaaaaa,1
graduate,1
determined,1
animado,1
aos,1
gardens,1
spring,1
#oâ€¦,1
unicorni,1
fiore,1
giardini,1
sognare,1
commute,1
desistam,1
during,1
plows,1
oitocentos,1
aproxima,1
minutos,1
conâ€¦,1
tremendo,1
vendendo,1
peopling,1
dobro,1
terrific,1
abrir,1
pelos,1
perto,1
vitÃ³ria,1
passou,1
perdemos,1
unir,1
pouco,1
sunday,1
ends,1
morrer,1
lowkey,1
parando,1
paraaaar,1
brony,1
infartar,1
arrasem,1
qualquer,1
momento,1
acknowledged,1
deja,1
vu,1
colem,1
tags,1
anula,1
pergunta,1
appeal,1
reta,1
final,1
macumba,1
saravÃ¡,1
peido,1
fubÃ¡,1
#believeinyourself,1
Ã­dolo,1
shits,1
garangscary,1
kdg,1
aku,1
kata,1
org,1
notarÃ¡,1
shake,1
apenas,1
colors,1
muitoooo,1
tassels,1
fantÃ sticğŸŒˆğŸ’–â€¦,1
imaginarwoooooooooow,1
divertirse,1
jugar,1
prÃªmiooned,1
mÃ³n,1
prÃªmio,1
els,1
fome,1
ğŸŒˆvolar,1
rawness,1
acabando,1
entrada,1
protests,1
collars,1
rhinestone,1
tretar,1
ğŸ˜©ğŸ˜,1
provocar,1
resposta,1
silÃªncio,1
period,1
4th,1
respeito,1
chegamos,1
#babyshoesâ€¦,1
#inchblue,1
casinha,1
interesse,1
#bags,1
caso,1
tote,1
#laptopsleeves,1
sleeve,1
laptop,1
personalized,1
midnight,1
#summerâ€¦,1
pattern,1
contrario,1
negÃ³cio,1
mÃ£eâ€¦,1
kkkkkkkkkkkkkkkkkkkkkkkk,1
interagindo,1
line,1
finishing,1
lÃ¡,1
chovendo,1
parada,1
callling,1
poÃ§a,1
movingâ€¦,1
dÃ¡gua,1
calÃ§ada,1
usa,1
nÃºmero,1
alcohol,1
quick,1
qnd,1
identify,1
phrases,1
amiga,1
leftie,1
encontra,1
intimidade,1
papo,1
respirar,1
tudoooo,1
dediquem,1
11th,1
fiquem,1
uw,1
percam,1
merecem,1
verve,1
prepared,1
report,1
decepcionar,1
agoraaaa,1
mostrar,1
forÃ§a,1
dedicam,1
votaÃ§Ãµestenho,1
tweetem,1
ğŸ¦„ğŸ¦„ğŸ¦„ğŸ¦„ğŸ¦„ğŸ¦„ğŸ¦„ğŸ¦„ğŸ¦„ğŸ¦„ğŸ¦„ğŸ¦„,1
âœ¨âœ¨âœ¨âœ¨âœ¨âœ¨âœ¨âœ¨âœ¨âœ¨âœ¨ğŸ¦„,1
#onedbâ€¦,1
cumprido,1
sÃ£o,1
ğŸ¦„ğŸ¦„ğŸ¦„ğŸ¦„ğŸ¦„ğŸ¦„ğŸ¦„ğŸ¦„ğŸ¦„ğŸ¦„ğŸ¦„ğŸ¦„âœ¨âœ¨âœ¨âœ¨âœ¨âœ¨âœ¨âœ¨âœ¨âœ¨âœ¨ğŸ¦„,1
incrÃ­veis,1
#tanka,1
#res1der,1
eye,1
terÃ¡,1
fizemos,1
divulguem,1
marathon,1
votes,1
disse,1
alguma,1
direct,1
procurando,1
trinta,1
harm,1
prontas,1
blocks,1
borders,1
opening,1
arrasar,1
vale,1
duzentos,1
cinqÃ¼enta,1
seguidores,1
dou,1
duzentas,1
dms,1
trezentos,1
profile,1
#onâ€¦,1
web,1
photosvisit,1
sabem,1
capacidade,1
ğŸ˜‚ğŸ˜‚,1
desanimem,1
mantenham,1
chegou,1
æœˆåˆŠtouchdownã®å‰µåˆŠè€…ã§ã€unicornsã®obã§ã‚‚ã‚ã‚‹å¾Œè—¤å®Œå¤«æ§˜ã‚ˆã‚Šå‰µåˆŠå·ã‹ã‚‰ã®å…¨å·»ä¸€â€¦,1
perfil,1
desesperado,1
allstill,1
metade,1
exclusive,1
parou,1
fudeeeeeer,1
usem,1
#oneâ€¦,1
toda,1
comprised,1
trava,1
#fierce,1
friendships,1
#yougogirl,1
irritating,1
admit,1
#greenleaf,1
rise,1
above,1
cargill,1
sins,1
snapchat,1
ÑĞµĞºÑ,1
Ğ³Ñ€ÑĞ·Ğ½Ñ‹Ğ¹,1
Ğ¸Ğ½Ğ¾Ğ³Ğ´Ğ°,1
Ñ…Ğ¾Ñ‚ÑŒ,1
Ğ±Ñ‹Ğ²Ğ°Ğ»,1
Ğ²Ğ°Ñ,1
mark,1
Ğ¸Ğ»Ğ¸,1
Ğ¸Ğ·Ğ²Ñ€Ğ°Ñ‰ĞµĞ½ĞºĞ¾Ğ¹,1
Ğ±Ñ‹Ğ»Ğ¸,1
calendars,1
march,1
15th,1
Ğ¸Ğ¼ĞµĞ½Ğ½Ğ¾,1
ananavarro,1
flyâ€¦,1
#trends,1
#mindsets,1
essential,1
fundraising,1
five,1
wore,1
heels,1
swaggerless,1
pass,1
insult,1
sinister,1
involves,1
entertainingâ€¦,1
breathe,1
#live,1
accurate,1
depiction,1
beau,1
tiffany,1
somiar,1
bona,1
8pm,1
nit,1
pony,1
capn,1
eons,1
supposedly,1
chef,1
noahs,1
meal,1
possibly,1
rarely,1
winning,1
chaos,1
consuming,1
madness,1
roaring,1
thunders,1
dreamed,1
decided,1
dementors,1
oo,1
unicornslolthen,1
inflatable,1
breeding,1
overallunless,1
legit,1
ğŸ¦„ğŸ¦„ğŸ¦„ğŸ˜€ğŸ˜€ğŸ˜€,1
#avoriaz,1
bdayâ€¦,1
#apresski,1
ring,1
perform,1
20th,1
colonoscopies,1
hashtag,1
bangladeshi,1
#ripandrew,1
malls,1
saudade,1
strategy,1
daenarys,1
army,1
ğŸ˜ğŸ¦„ğŸ’¥,1
peâ€¦,1
lovey,1
hurtsâ€¦,1
turtles,1
#manchester,1
creature,1
shiz,1
booked,1
ğŸ’—ğŸ’‹ğŸ¦„ğŸ ,1
#yaaas,1
traveling,1
plummeted,1
#funding,1
chicken,1
nuggets,1
anem,1
enllocgrÃ cies,1
payments,1
afternoon,1
ure,1
sparkles,1
combined,1
guessing,1
progress,1
matters,1
role,1
include,1
#themoorside,1
giants,1
shot,1
lolğŸ¦„,1
performing,1
fucked,1
#deathofabachelor,1
tins,1
pâ€¦,1
imagining,1
entering,1
cameo,1
#cantwait,1
soda,1
ğŸ˜‚ğŸ¦„,1
fâ€¦,1
edtech,1
pinta,1
res,1
senat,1
surpass,1
pagans,1
celebrate,1
winter,1
valleys,1
solstice,1
stonehenge,1
react,1
heavydirtysoul,1
vamosssss,1
virase,1
fine,1
workhorses,1
coisas,1
downstairs,1
dungeon,1
animadas,1
escrever,1
yt,1
memory,1
goal,1
expand,1
sh,1
cdn,1
#bctech,1
decor,1
asteroids,1
incinerate,1
categories,1
ontrend,1
immigrant,1
founder,1
myth,1
united,1
states,1
christie,1
brinkley,1
drink,1
ğŸ’œğŸ˜˜ğŸ’‹ğŸ¦„,1
sospitosa,1
semblat,1
mha,1
#choosehappiness,1
dels,1
banya,1
âš¡ï¸âš¡ï¸,1
â€¼ï¸â©,1
disgusting,1
plastic,1
grocery,1
store,1
christ,1
levels,1
comcast,1
weak,1
nobody,1
strawman,1
soft,1
spot,1
#europeana,1
resistance,1
yeeaah,1
matrix,1
ğŸ˜ğŸ˜,1
sirs,1
liking,1
posting,1
drawings,1
lys,1
allâ¤ï¸,1
disproves,1
wished,1
thorne,1
geoffrey,1
shed,1
graphic,1
novel,1
wrinkle,1
excellent,1
raggedy,1
streaming,1
ğŸ‘€,1
services,1
aâ€¦,1
forgay,1
eggs,1
scrambled,1
overfed,1
salted,1
etc,1
soulless,1
onliving,1
mia,1
buttercup,1
truthsuck,1
strategyits,1
ansia,1
stai,1
facendo,1
tuo,1
ruolo,1
smettila,1
mangiare,1
coshai,1
ciao,1
piace,1
sta,1
cantando,1
cane,1
appena,1
sveglio,1
anzi,1
lesattezza,1
federÃ¬,1
cresciâ¤,1
tra,1
settimane,1
compio,1
kryssi,1
anni,1
pensare,1
doll,1
che,1
anno,1
fa,1
avevo,1
ancora,1
ğŸ˜‚ğŸ˜œ,1
bocca,1
lupo,1
nostro,1
fratello,1
questo,1
#artforkids,1
sanremo,1
#einhorn,1
#unicornart,1
ğŸ´ğŸ’Ÿ,1
tutti,1
tespacca,1
tutto,1
staseranoi,1
toes,1
tiâ€¦,1
#beingchorra,1
vietnamese,1
#instagraming,1
#pinkbagsâ€¦,1
youâ€™d,1
evos,1
toe,1
scratches,1
healthy,1
players,1
repaired,1
newly,1
#potus,1
delivering,1
clause,1
wage,1
gap,1
premise,1
ffgffdcfftsad,1
post,1
sportâ€¦,1
hacker,1
#datascience,1
speaking,1
cum,1
hailed,1
ğŸ™ˆğŸ¦„,1
#datascientists,1
#grlpowr,1
joker,1
agt,1
pse,1
devon,1
â¤ï¸âœ¨,1
âœ¨a,1
#mlpfim,1
#mlp,1
custom,1
imalou,1
weight,1
bubblegum,1
loss,1
jar,1
lbs,1
forâ€¦,1
juego,1
salir,1
toolmao,1
dicen,1
toques,1
æµ…è‰æ©‹ã®ã„ã¡ã”ã¨ã„ã†ã‚¤ã‚¿ãƒªã‚¢ãƒ³,1
infra,1
bike,1
pcgamer,1
remainers,1
uk,1
faith,1
wrt,1
brexit,1
wed,1
chinese,1
argues,1
cogently,1
#mustread,1
too#5sosbestfans,1
ag,1
hype,1
batman,1
heaven,1
ruleğŸ¦„ğŸ¦„ğŸ¦„ğŸ¦„ğŸ¦„ğŸ¦„ğŸ¦„ğŸ¦„ğŸ¦„,1
ğŸ˜€ğŸ˜€,1
robin,1
tolerance,1
justice,1
value,1
ivory,1
hall,1
magestae,1
valevictor,1
jugueterosa,1
romain,1
viaâ€¦,1
nerds,1
ğŸ˜‚ğŸ˜‚ğŸ’—,1
â¤â¤,1
clashes,1
bae,1
commit,1
suicide,1
quartz,1
several,1
educated,1
myâ€¦,1
descend,1
#ruleofthumb,1
#futureoftalent,1
#hr,1
#network,1
iqualit,1
holderness,1
rd,1
hull,1
bearâ€¦,1
tes,1
celib,1
cooler,1
ajxkxnxkfnkxkf,1
visto,1
referencing,1
pounding,1
chest,1
donation,1
giveawayğŸ’,1
note,1
ğŸ’«,1
garden,1
#chokkamokkasays,1
#wisenonsense,1
exact,1
locks,1
#harvardbusiness,1
ğŸ”’,1
â†ªpedido,1
gostou,1
receber,1
ğŸ”,1
pedidos,1
ğŸ“«â€¦,1
ğŸ˜ğŸ‘ŒğŸ’•,1
glorious,1
dontâ€¦,1
#flashbacktuesday,1
lÃ©pisode,1
#theflash,1
terrifying,1
barry,1
caitlin,1
chantaient,1
summer,1
nights,1
fetch,1
ğŸ¼,1
#cakedecorating,1
idgaf,1
nowhere,1
inspirational,1
quotes,1
pace,1
kept,1
remind,1
yoâ€¦,1
combinado,1
levo,1
voces,1
arrumam,1
flowery,1
discomfort,1
aceitÃ¡vel,1
ambulances,1
wands,1
nurses,1
gritando,1
raiz,1
domingo,1
nÃ©,1
pinos,1
hahahah,1
beleza,1
objetivo,1
mude,1
talvez,1
marcarrr,1
#unicornsğŸ¦„ğŸ¦„ğŸ¦„ğŸ¦„ğŸ¦„,1
lovelace,1
seller,1
#innovation,1
ğŸ‘‰,1
#shirt,1
merda,1
#giftidea,1
bia,1
Ğ½Ğ¸,1
Ğ¾Ğ´Ğ½Ğ¾Ğ¼,1
ÑĞ·Ñ‹ĞºĞµ,1
Ñ‚Ğ°ĞºĞ¾Ğ³Ğ¾,1
deixar,1
ÑĞ»Ğ¾Ğ²Ğ¾,1
ĞºĞ¾Ñ‚Ğ¾Ñ€Ñ‹Ğ¼,1
ossification,1
flexfoiling,1
sclerosis,1
bureaucratic,1
immune,1
faÃ§o,1
mustread,1
cacheado,1
Ğ¼Ğ¾Ğ¶Ğ½Ğ¾,1
Ğ¾Ğ¿Ğ¸ÑĞ°Ñ‚ÑŒ,1
ÑÑ‚Ğ¸Ñ…,1
paraÃ­so,1
hoty,1
lightning,1
Ğ°Ñ…Ğ°Ñ…Ğ°Ğ°Ñ…Ğ°Ğ°Ğ°Ğ°Ñ…Ğ°Ñ…Ğ°Ñ…Ğ°Ñ…Ğ°,1
ÑĞ´Ğ°Ğ¼,1
#management,1
ÑĞºĞ·Ğ°Ğ¼ĞµĞ½Ñ‹,1
Ğ½ĞµĞ²ĞµÑ€Ğ¾ÑÑ‚Ğ½Ñ‹Ğ¹,1
Ğ²Ğ°Ğ¹Ğ½,1
Ğ¼ÑƒÑ€Ğ°ÑˆĞºĞ¸,1
#crossnw,1
tumbler,1
bout,1
prehistoric,1
revenge,1
ĞºĞ¾Ğ¶Ğµ,1
malec,1
bulinado,1
guedes,1
skndknckjkdjxkx,1
scenes,1
parades,1
#moonmagic,1
#unicornbeauty,1
crianÃ§a,1
lucas,1
caminhar,1
reallife,1
amore,1
deixou,1
treinar,1
kakakakak,1
piuu,1
brusinha,1
sheila,1
randy,1
lawn,1
falsely,1
gym,1
claims,1
outfits,1
highest,1
nme,1
wearing,1
justo,1
view,1
cheryl,1
marsha,1
required,1
existent,1
treinem,1
avise,1
kkkk,1
jogamos,1
easter,1
ffxv,1
wstpu,1
anciosa,1
varmints,1
wasteland,1
entÃ£o,1
lanÃ§a,1
oitnb,1
contra,1
akskakdkakwms,1
outro,1
hahahahah,1
bosta,1
tweetar,1
mashacrochet,1
verdade,1
daintycheeks,1
qkekwkdkskd,1
coitado,1
ensinou,1
wears,1
ganhei,1
prostitute,1
modern,1
housewife,1
50s,1
ganho,1
kakakakkaka,1
bhnd,1
mythology,1
ğŸ˜­keeping,1
century,1
21st,1
Ã³,1
quiser,1
vida,1
cracking,1
avisa,1
#cybercrime,1
levava,1
pudesse,1
#idtheft,1
#btrtg,1
g,1
#bmrtg,1
dkdnkndkfjkf,1
Ñ‡Ñ‘Ñ‚,1
Ñ‚Ğ²Ğ¸Ñ‚Ğ½ÑƒÑ‚ÑŒ,1
Ñ‡ĞµĞ³Ğ¾,1
Ğ¿Ğ¾Ñ€Ğ°,1
Ñ‡Ğ°ÑĞ°,1
Ğ¿Ñ€Ğ¾ÑˆĞ»Ğ¾,1
Ğ²ÑÑ‘,1
Ğ·Ğ´ĞµÑÑŒ,1
hingefallen,1
Ğ¿Ñ€Ğ¸ÑˆÑ‘Ğ»,1
ist,1
freundin,1
meine,1
freund,1
einem,1
Ğ´Ğ°Ğ°,1
Ğ³Ğ¾Ğ»Ğ¾Ñ,1
ÑĞµĞ´ÑŒĞ¼Ğ¾Ğ¹,1
mit,1
eislaufen,1
gerade,1
war,1
Ğ±Ğ»Ğ¸Ğ½,1
Ñ‚Ğ¾Ğº,1
Ğ´Ñ€ÑƒĞ³Ğ¸Ñ…,1
pots,1
Ğ´Ğ¾Ğ³Ğ¾Ğ»Ğ¾ÑĞ¾Ğ²Ğ°Ğ»,1
Ğ²Ğ¶ÑƒÑ…,1
ahahahha,1
buenos,1
kinder,1
estrategia,1
deixei,1
trancar,1
Ğ¾Ğ´Ğ¸Ğ½Ğ½,1
Ñ‚Ğ²Ğ¸Ñ‚,1
lindo,1
ĞµÑÑ,1
ÑˆĞµĞµÑÑ‚ÑŒ,1
Ğ²Ğ¾ÑĞµĞ¼ÑŠ,1
Ğ¿,1
ÑŒ,1
ficou,1
namorando,1
tavam,1
Ğ´,1
Ğµ,1
rtstartupgrind,1
amigo,1
Ğ¼Ğ¼Ğ¼,1
elisabeth,1
derramado,1
leitinho,1
Ğ¿Ñ€Ğ¸Ğ²ĞµÑ‚Ğ¿Ñ€Ğ¸Ğ²ĞµÑ‚,1
adianta,1
thy,1
unicornsğŸ˜ğŸ˜,1
rafiki,1
rightğŸ˜ğŸ˜ğŸ˜ğŸ˜,1
perde,1
jogada,1
tirei,1
kakakakkakakak,1
results,1
#metopenaccess,1
ğŸ”,1
#publicdâ€¦,1
concerned,1
nor,1
neither,1
jish,1
Ñ‚Ñ€Ğ¸Ğ¸,1
startupgrindmb,1
#stâ€¦,1
Ğ´ÑƒĞ¼Ğ°Ñ,1
ÑĞ¾Ğ·Ğ´Ğ°Ñ‚ÑŒ,1
Ñ‚Ñ€ĞµÑ‚Ğ¸Ğ¹,1
Ğ°ĞºĞº,1
hds,1
Ğ´ĞµÑÑÑ‚ÑŒ,1
queria,1
aquecer,1
facil,1
ahahahahah,1
thig,1
againvote,1
ajjajajaaa,1
Ğ´Ğ²ĞµĞ½Ğ°Ğ´Ñ†Ğ°Ñ‚ÑŒ,1
copy,1
paste,1
Ñ‚Ñ€Ğ¸Ğ½Ğ°Ğ´Ñ†Ğ°Ñ‚ÑŒ,1
ĞºĞ¾Ñ‚Ğ¸ĞºĞ¸Ğ»ÑƒÑ‡ÑˆĞµĞµ,1
ÑĞ»ÑƒÑ‡Ğ¸Ğ»Ğ¾ÑÑŒ,1
Ğ¼Ğ½Ğ¾Ğ¹,1
punish,1
surroundings,1
raindrops,1
snap,1
redesign,1
annoys,1
jajaja,1
iÂ´m,1
jaja,1
uppsvote,1
guest,1
starring,1
#springfair,1
â¤ï¸#unicorns,1
ÑĞµĞ¼Ğ½Ğ°Ğ´Ñ†Ğ°Ñ‚ÑŒ,1
Ğ²Ğ¾ÑĞµĞ¼Ğ½Ğ°Ğ´Ñ†Ğ°Ñ‚ÑŒ,1
Ğ´ĞµĞ²ÑÑ‚Ğ½Ğ°Ğ´Ñ†Ğ°Ñ‚ÑŒ,1
#lgbt,1
#berlin,1
aproveita,1
techscience,1
fabulous,1
unha,1
speakers,1
kakakakkakaka,1
Ğ½ĞµÑ€ĞµĞ°Ğ»ÑŒĞ½Ñ‹Ğµ,1
geeky,1
june,1
#treat,1
ğŸ˜»,1
#lawn,1
#picnic,1
â¤ï¸â¤ï¸â¤ï¸,1
Ğ¼Ğ¾Ñ,1
Ñ€ĞµĞ»Ğ¸Ğ³Ğ¸Ñ,1
ÑÑ‚Ğ¸Ğ»ÑŒ,1
Ğ¶Ğ¸Ğ·Ğ½Ğ¸,1
joseph,1
â¤â¤â¤,1
dâ€¦,1
horrÃ­vel,1
anjo,1
kdkdjdkdjkd,1
sjksjdkdkdk,1
sonhar,1
certas,1
ğŸ’œğŸ˜‚,1
ikr,1
jy,1
sides,1
pourtant,1
Ñ‡ĞµÑ€Ñ‚,1
ÑĞ»Ğ¸ÑˆĞºĞ¾Ğ¼,1
ĞºÑ€ÑƒÑ‚Ğ¾,1
pandas,1
hm,1
Ã—,1
#socbiz,1
#biznews,1
#businessnews,1
#marketing,1
buried,1
falcons,1
jersey,1
aaaah,1
unicornsğŸ˜‚ğŸ˜‚ğŸ˜‰,1
forreal,1
monster,1
smash,1
nfap,1
val,1
viaharvardbiz,1
pharmamktnet,1
cofounded,1
#wakeuptrump,1
wait,1
#wedding,1
positivity,1
shirts,1
designs,1
camping,1
tries,1
tastes,1
musical,1
clickbait,1
bora,1
coworker,1
som,1
macarena,1
everyday,1
ğŸ¦„ğŸ’—,1
pedestre,1
ğŸ¦„ğŸ˜‚,1
pinterest,1
gta,1
carro,1
atropelar,1
ğŸ™ŒğŸ»,1
fuzzy,1
âœ,1
squad,1
colorful,1
impenetrable,1
#businessâ€¦,1
walls,1
halls,1
remastered,1
equine,1
diverse,1
prominent,1
populous,1
kin,1
pegasi,1
qirin,1
disappointment,1
kelpies,1
leavers,1
believed,1
musicalizada,1
locura,1
altman,1
robert,1
experimental,1
ancestors,1
produced,1
spanish,1
drip,1
mlp,1
track,1
bonus,1
existing,1
sincere,1
paroâ€¦,1
techie,1
tuesdays,1
feature,1
jasmine,1
crowes,1
merely,1
bringing,1
gottâ€¦,1
ron,1
drew,1
math,1
quiz,1
giraffes,1
#ryanqanda,1
durmo,1
#pmo,1
#goals,1
#results,1
akjdkakdkakskskâ¤â¤â¤â¤â¤,1
drunk,1
speed,1
leadership,1
#gen5consultingtips,1
#bameed,1
surrounded,1
#normals,1
icu,1
pinkğŸ’,1
becoming,1
foray,1
ÅŸubatta,1
#lulalife,1
ğŸ‰ğŸ˜#lularoe,1
pieces,1
sevgilisi,1
consultants,1
olanlarben,1
handprint,1
nome,1
#kidcraft,1
esports,1
#kidscrafts,1
#crafts,1
#kbnmoms,1
reconheci,1
#shameless,1
lembrando,1
ğŸŒ»reasons,1
threadğŸŒ»,1
lifeğŸ’i,1
unicornsâ¤ğŸ¦„,1
ğŸ˜‚ğŸ˜‚maybe,1
harvâ€¦,1
kkkkkkkkk,1
demean,1
encaixando,1
pernas,1
ğŸ˜ğŸ˜ğŸ˜â¤ğŸ˜‚,1
female,1
decent,1
probabilities,1
lately,1
thereve,1
sleepover,1
accessories,1
ğŸ˜ğŸ¦„ğŸ’™,1
itself,1
repeats,1
unicorâ€¦,1
80s,1
estado,1
apÃ³s,1
estarÃ¡,1
s9,1
unicornsrare,1
ğŸ¦„ğŸ¦„ğŸ¦„ğŸ¦„,1
â€˜uniqueâ€™,1
principles,1
specialâ€™,1
##google,1
tight,1
ulan,1
paws,1
monkey,1
reals,1
ilk,1
okul,1
boyunca,1
hugely,1
sene,1
bi,1
kÄ±zÄ±,1
sevmiÅŸtim,1
kantinde,1
yan,1
yana,1
ğŸ’–âœŒ,1
durunca,1
misery,1
constant,1
plagued,1
bayÄ±lacak,1
gibi,1
oluyodum,1
ara,1
bÃ¶yle,1
ÅŸerefsiz,1
biÅŸâ€¦,1
glitterade,1
strongly,1
recommended,1
thankyou,1
playlist,1
ang,1
peg,1
healing,1
spice,1
ğŸ’˜,1
temporada,1
jornal,1
nacional,1
s01e01,1
obg,1
migue,1
bunk,1
pooping,1
plush,1
fraken,1
scarf,1
rainbowsâ€¦,1
souille,1
dune,1
autre,1
faÃ§on,1
coat,1
sisters,1
appelle,1
ptite,1
salope,1
sketching,1
ğŸ¦„ğŸŒˆğŸŒŸğŸ˜ŠğŸ¦„ğŸŒˆğŸ–ŒğŸ¦„ğŸ’œğŸ’¦ğŸ’«,1
fears,1
#gusya,1
sensacional,1
typing,1
thumbs,1
raise,1
clever,1
hating,1
sobre,1
roberta,1
kevin,1
saindo,1
cafÃ©,1
formiga,1
picada,1
expliquem,1
levado,1
ateus,1
levantei,1
evenâ€¦,1
aÃ­,1
fgobkmgbjlrtmgorj,1
till,1
olhando,1
grama,1
technicolored,1
sentada,1
fiquei,1
#pdxnow,1
ğŸ˜‚ğŸ†˜ğŸ˜‚,1
croc,1
#etsysellerâ€¦,1
#wriststraps,1
#wristwraps,1
ğŸ‹ğŸ’ª,1
#pdx,1
#valentinesday,1
landed,1
ovo,1
leite,1
semaines,1
sweetheart,1
g4,1
consigo,1
elodie,1
mug,1
certo,1
longe,1
duh,1
eae,1
tentando,1
inferno,1
#brisbanealbionindoorsports,1
#tl2,1
#theunicorns,1
#theoldthebeautiful,1
beats,1
earrings,1
wood,1
pins,1
enamel,1
aimeezartz,1
toi,1
qui,1
backed,1
arrÃªte,1
kwkskdkdjldkd,1
mappeller,1
lugaresâ€¦,1
privÃ©,1
des,1
dessa,1
seguir,1
rettweet,1
sushis,1
fois,1
mana,1
fale,1
participar,1
finis,1
jeu,1
tiers,1
difficile,1
expert,1
au,1
dÃ©but,1
donne,1
obgg,1
sorteio,1
ton,1
charter,1
budget,1
#infographic,1
worldwide,1
jÃ©tais,1
west,1
iran,1
ğŸ˜ª,1
damn,1
catin,1
dun,1
serveur,1
lofficielle,1
euh,1
rewind,1
ğŸ’•ğŸ¦„ğŸ˜Š,1
#11millieforlilly,1
waar,1
niet,1
aan,1
denken,1
ten,1
sweater,1
meninas,1
ouvem,1
albuns,1
querem,1
sentem,1
makingqhorses,1
amorzÃ£o,1
#rydelsnewvideo,1
iced,1
ğŸ˜‚ğŸ’‹,1
lipstick,1
ceu,1
sonhoÂ¿,1
uhm,1
#digitalarticle,1
ourselves,1
#blue,1
conheci,1
musica,1
alem,1
vontadeâ€¦,1
bees,1
changed,1
porÃ©m,1
permaneÃ§o,1
vontadinha,1
conversar,1
dÃ¶,1
bands,1
#tuskafestival,1
estudio,1
eh,1
neh,1
dona,1
elizabeth,1
woolridge,1
grant,1
×¡×™×× ×ª×™,1
×›××”×‘×ª×™,1
×¡×¨×˜×•×Ÿ,1
×,1
estÃºdio,1
whoo,1
hoo,1
laughing,1
rydel,1
respeita,1
nascimento,1
desse,1
otp,1
decline,1
facing,1
iâ€¦,1
longterm,1
economys,1
vÃ³,1
suggest,1
ariana,1
letras,1
phenomenon,1
musicas,1
despite,1
dela,1
socorro,1
#lbs,1
candle,1
imelda,1
refreshing,1
judes,1
#repost,1
areâ€¦,1
ãƒ»ãƒ»ãƒ»,1
oxygen,1
deprived,1
proceed,1
caution,1
frisky,1
subsided,1
cade,1
seizures,1
1938437271,1
zinni,1
494949,1
201617,1
100000,1
51417,1
10000,1
bushy,1
limits,1
walked,1
3933,1
2425,1
2018,1
shirt,1
realğŸ™ŒğŸ¾ğŸ¦„,1
intro,1
modelling,1
class,1
1926,1
atâ€¦,1
blueviolets,1
1430,1
1400,1
1399,1
1069,1
1051,1
1022,1
1000,1
906,1
refrigerator,1
802,1
705,1
desire,1
615,1
505,1
410,1
detailed,1
330,1
260,1
247,1
223,1
200,1
#asdrunkmewouldsay,1
127,1
111,1
109,1
100,1
96,1
94,1
87,1
#valentine,1
60,1
56,1
51,1
50,1
47,1
45,1
44,1
42,1
feb,1
39,1
38,1
#unicornnightspecial,1
attend,1
35,1
34,1
greet,1
enter,1
smell,1
27,1
26,1
yuck,1
airlines,1
low,1
fees,1
coulâ€¦,1
20,1
kkkkk,1
16,1
15,1
macho,1
bonito,1
11,1
saturou,1
amem,1
freaking,1
Ğ¿Ğ¾ĞµĞ´Ğ°Ñ,1
Ñ€ĞµĞ¿Ñ‚Ğ¸Ğ»Ğ¾ĞµĞ´Ğ¾Ğ²,1
Ğ¸Ğ±Ğ¾,1
Ñ‚Ğ°ĞºĞ¾Ğ²,1
Ğ·Ğ°Ğ¼Ñ‹ÑĞµĞ»,1
Ğ¾Ğ³Ğ¾Ğ½ÑŒ,1
e
,1
fascinating,1
